Wk,Day,Date,Time,Home,xG,Score,xG,Away,Attendance,Venue,Referee,Match Report,Notes
1,Fri,8/17/18,20:15 (14:15),Girona,1,0–0,0.1,Valladolid,10368,Estadi Municipal de Montilivi,Guillermo Cuadra,Match Report,
1,Fri,8/17/18,22:15 (16:15),Betis,1.2,0–3,1.8,Levante,46225,Estadio Benito Villamarín,Ignacio Iglesias,Match Report,
1,Sat,8/18/18,18:15 (12:15),Celta Vigo,0.7,1–1,0.9,Espanyol,16215,Estadio de Balaídos,Santiago Jaime,Match Report,
1,Sat,8/18/18,20:15 (14:15),Villarreal,0.9,1–2,0.6,Real Sociedad,16250,Estadio de la Cerámica,Mario Melero,Match Report,
1,Sat,8/18/18,22:15 (16:15),Barcelona,3,3–0,0.3,Alavés,52356,Camp Nou,José Sánchez,Match Report,
1,Sun,8/19/18,18:15 (12:15),Eibar,1.3,1–2,1.1,Huesca,4234,Estadio Municipal de Ipurúa,Eduardo Prieto,Match Report,
1,Sun,8/19/18,20:15 (14:15),Rayo Vallecano,1.8,1–4,2,Sevilla,11626,Estadio del Rayo Vallecano,Antonio Matéu Lahoz,Match Report,
1,Sun,8/19/18,22:15 (16:15),Real Madrid,0.6,2–0,0.2,Getafe,48446,Estadio Santiago Bernabéu,Javier Estrada,Match Report,
1,Mon,8/20/18,20:00 (14:00),Valencia,1,1–1,1,Atlético Madrid,46174,Estadio de Mestalla,Jesús Gil,Match Report,
1,Mon,8/20/18,22:00 (16:00),Athletic Bilbao,1.5,2–1,1.5,Leganés,38327,Estadio San Mamés,Adrián Cordero,Match Report,
,,,,,,,,,,,,,
2,Fri,8/24/18,20:15 (14:15),Getafe,1.3,2–0,0.6,Eibar,7851,Coliseum Alfonso Pérez,David Medié,Match Report,
2,Fri,8/24/18,22:15 (16:15),Leganés,2,2–2,1.8,Real Sociedad,9375,Estadio Municipal de Butarque,José Luis Munuera,Match Report,
2,Sat,8/25/18,18:15 (12:15),Alavés,0.7,0–0,1.3,Betis,18221,Estadio de Mendizorroza,Pablo González,Match Report,
2,Sat,8/25/18,20:15 (14:15),Atlético Madrid,0.6,1–0,1.8,Rayo Vallecano,52693,Estadio Vicente Calderón,José González,Match Report,
2,Sat,8/25/18,22:15 (16:15),Valladolid,0.3,0–1,0.9,Barcelona,22651,Estadio Municipal José Zorrilla,Ricardo de Burgos,Match Report,
2,Sun,8/26/18,18:15 (12:15),Espanyol,1.6,2–0,1.5,Valencia,18714,RCDE Stadium,Carlos del Cerro,Match Report,
2,Sun,8/26/18,22:15 (16:15),Sevilla,1.6,0–0,1,Villarreal,35831,Estadio Ramón Sánchez Pizjuán,Alberto Undiano,Match Report,
2,Sun,8/26/18,22:15 (16:15),Girona,0.8,1–4,3.1,Real Madrid,13889,Estadi Municipal de Montilivi,Juan Martínez,Match Report,
2,Mon,8/27/18,20:15 (14:15),Levante,1.9,1–2,3.2,Celta Vigo,21122,Estadio Ciudad de Valencia,Alejandro Hernández,Match Report,
2,Mon,8/27/18,22:00 (16:00),Athletic Bilbao,0.6,2–2,0.4,Huesca,36818,San Mamés,Alberola Rojas,Match Report,
,,,,,,,,,,,,,
3,Fri,8/31/18,20:00 (14:00),Getafe,1,0–0,0.6,Valladolid,9817,Coliseum Alfonso Pérez,Adrián Cordero,Match Report,
3,Fri,8/31/18,22:00 (16:00),Eibar,1.1,2–1,1.1,Real Sociedad,6144,Estadio Municipal de Ipurúa,José Sánchez,Match Report,
3,Fri,8/31/18,22:00 (16:00),Villarreal,1.1,0–1,0.8,Girona,15740,Estadio de la Cerámica,Eduardo Prieto,Match Report,
3,Sat,9/1/18,18:30 (12:30),Celta Vigo,0.8,2–0,0.5,Atlético Madrid,19013,Estadio de Balaídos,Antonio Matéu Lahoz,Match Report,
3,Sat,9/1/18,20:45 (14:45),Real Madrid,2.1,4–1,1.1,Leganés,59255,Estadio Santiago Bernabéu,Santiago Jaime,Match Report,
3,Sun,9/2/18,12:00 (06:00),Levante,1.4,2–2,3.6,Valencia,24073,Estadio Ciudad de Valencia,Javier Estrada,Match Report,
3,Sun,9/2/18,16:15 (10:15),Alavés,1.2,2–1,1.5,Espanyol,18052,Estadio de Mendizorroza,Ignacio Iglesias,Match Report,
3,Sun,9/2/18,18:30 (12:30),Barcelona,4.7,8–2,1.2,Huesca,72892,Camp Nou,Mario Melero,Match Report,
3,Sun,9/2/18,20:45 (14:45),Betis,0.7,1–0,0.4,Sevilla,53451,Estadio Benito Villamarín,Jesús Gil,Match Report,
,,,,,,,,,,,,,
4,Fri,9/14/18,21:00 (15:00),Huesca,1.5,0–1,1,Rayo Vallecano,6498,Estadio El Alcoraz,David Medié,Match Report,
4,Sat,9/15/18,13:00 (07:00),Atlético Madrid,1.7,1–1,1.2,Eibar,55674,Estadio Municipal de Ipurúa,Juan Martínez,Match Report,
4,Sat,9/15/18,16:15 (10:15),Real Sociedad,1.3,1–2,1.3,Barcelona,26756,Estadio Municipal de Anoeta,Carlos del Cerro,Match Report,
4,Sat,9/15/18,18:30 (12:30),Valencia,1.6,0–0,1,Betis,40050,Estadio de Mestalla,Alejandro Hernández,Match Report,
4,Sat,9/15/18,20:45 (14:45),Athletic Bilbao,1.4,1–1,1.9,Real Madrid,46413,Estadio San Mamés,José González,Match Report,
4,Sun,9/16/18,12:00 (06:00),Leganés,1.3,0–1,0.7,Villarreal,10432,Estadio Municipal de Butarque,Pablo González,Match Report,
4,Sun,9/16/18,16:15 (10:15),Espanyol,1.1,1–0,0.7,Levante,18627,RCDE Stadium,Alberto Undiano,Match Report,
4,Sun,9/16/18,18:30 (12:30),Valladolid,1.6,0–1,0.7,Alavés,18873,Estadio Municipal José Zorrilla,José Luis Munuera,Match Report,
4,Sun,9/16/18,20:45 (14:45),Sevilla,1.5,0–2,1.9,Getafe,36943,Estadio Ramón Sánchez Pizjuán,Ricardo de Burgos,Match Report,
4,Mon,9/17/18,21:00 (15:00),Girona,1.1,3–2,1,Celta Vigo,9849,Estadi Municipal de Montilivi,Alberola Rojas,Match Report,
,,,,,,,,,,,,,
5,Fri,9/21/18,21:00 (15:00),Huesca,1.1,0–1,0.3,Real Sociedad,6948,Estadio El Alcoraz,Ignacio Iglesias,Match Report,
5,Sat,9/22/18,13:00 (07:00),Rayo Vallecano,1,1–5,0.8,Alavés,12011,Estadio del Rayo Vallecano,Adrián Cordero,Match Report,
5,Sat,9/22/18,16:15 (10:15),Eibar,1.1,1–0,0.4,Leganés,4456,Estadio Municipal de Ipurúa,Mario Melero,Match Report,
5,Sat,9/22/18,16:15 (10:15),Celta Vigo,1.3,3–3,2.1,Valladolid,16552,Estadio de Balaídos,Eduardo Prieto,Match Report,
5,Sat,9/22/18,18:30 (12:30),Getafe,0.7,0–2,0.9,Atlético Madrid,12756,Coliseum Alfonso Pérez,José Sánchez,Match Report,
5,Sat,9/22/18,20:45 (14:45),Real Madrid,1.2,1–0,0.7,Espanyol,67658,Estadio Santiago Bernabéu,Antonio Matéu Lahoz,Match Report,
5,Sun,9/23/18,12:00 (06:00),Levante,2.5,2–6,2.9,Sevilla,21520,Estadio Ciudad de Valencia,Guillermo Cuadra,Match Report,
5,Sun,9/23/18,16:15 (10:15),Villarreal,1,0–0,0.4,Valencia,18373,Estadio de la Cerámica,Santiago Jaime,Match Report,
5,Sun,9/23/18,20:00 (14:00),Betis,1.2,2–2,0.8,Athletic Bilbao,51093,Estadio Benito Villamarín,Javier Estrada,Match Report,
5,Sun,9/23/18,20:45 (14:45),Barcelona,1.5,2–2,1.1,Girona,76055,Camp Nou,Jesús Gil,Match Report,
,,,,,,,,,,,,,
6,Tue,9/25/18,20:00 (14:00),Espanyol,0.9,1–0,0.3,Eibar,13547,RCDE Stadium,José Luis Munuera,Match Report,
6,Tue,9/25/18,21:00 (15:00),Real Sociedad,1.7,2–2,1.6,Rayo Vallecano,21510,Estadio Municipal de Anoeta,Juan Martínez,Match Report,
6,Tue,9/25/18,22:00 (16:00),Atlético Madrid,1.2,3–0,1.2,Huesca,47023,Estadio Wanda Metropolitano,Pablo González,Match Report,
6,Wed,9/26/18,20:00 (14:00),Athletic Bilbao,0.8,0–3,2.8,Villarreal,39672,Estadio San Mamés,Carlos del Cerro,Match Report,
6,Wed,9/26/18,20:00 (14:00),Leganés,1.1,2–1,0.5,Barcelona,12231,Estadio Municipal de Butarque,Alberto Undiano,Match Report,
6,Wed,9/26/18,22:00 (16:00),Sevilla,2.5,3–0,1.3,Real Madrid,40972,Estadio Ramón Sánchez Pizjuán,Alejandro Hernández,Match Report,
6,Wed,9/26/18,22:00 (16:00),Valencia,2.1,1–1,0.3,Celta Vigo,35945,Estadio de Mestalla,Ricardo de Burgos,Match Report,
6,Thu,9/27/18,20:00 (14:00),Alavés,1.7,1–1,1,Getafe,18373,Estadio de Mendizorroza,Eduardo Prieto,Match Report,
6,Thu,9/27/18,20:00 (14:00),Valladolid,1.2,2–1,0.5,Levante,16440,Estadio Municipal José Zorrilla,David Medié,Match Report,
6,Thu,9/27/18,22:00 (16:00),Girona,0.7,0–1,1.7,Betis,11358,Estadi Municipal de Montilivi,José González,Match Report,
,,,,,,,,,,,,,
7,Fri,9/28/18,21:00 (15:00),Rayo Vallecano,1.3,2–2,1.9,Espanyol,12100,Estadio del Rayo Vallecano,Alberola Rojas,Match Report,
7,Sat,9/29/18,13:00 (07:00),Real Sociedad,1.2,0–1,1.1,Valencia,23577,Estadio Municipal de Anoeta,Jesús Gil,Match Report,
7,Sat,9/29/18,16:15 (10:15),Barcelona,3.1,1–1,0.7,Athletic Bilbao,78015,Camp Nou,Santiago Jaime,Match Report,
7,Sat,9/29/18,18:30 (12:30),Eibar,1,1–3,1.6,Sevilla,5443,Estadio Municipal de Ipurúa,Javier Estrada,Match Report,
7,Sat,9/29/18,20:45 (14:45),Real Madrid,1.1,0–0,0.7,Atlético Madrid,78642,Estadio Santiago Bernabéu,Juan Martínez,Match Report,
7,Sun,9/30/18,12:00 (06:00),Huesca,1.4,1–1,1.4,Girona,6779,Estadio El Alcoraz,Adrián Cordero,Match Report,
7,Sun,9/30/18,16:15 (10:15),Villarreal,2.4,0–1,0.6,Valladolid,15602,Estadio de la Cerámica,Ignacio Iglesias,Match Report,
7,Sun,9/30/18,18:30 (12:30),Levante,1.6,2–1,0.8,Alavés,20239,Estadio Ciudad de Valencia,Mario Melero,Match Report,
7,Sun,9/30/18,20:45 (14:45),Betis,1.9,1–0,0.5,Leganés,48115,Estadio Benito Villamarín,José Sánchez,Match Report,
7,Mon,10/1/18,21:00 (15:00),Celta Vigo,0.4,1–1,1,Getafe,14330,Estadio de Balaídos,Guillermo Cuadra,Match Report,
,,,,,,,,,,,,,
8,Fri,10/5/18,21:00 (15:00),Athletic Bilbao,1.7,1–3,2,Real Sociedad,46884,San Mamés,Alejandro Hernández,Match Report,
8,Sat,10/6/18,13:00 (07:00),Girona,1.2,2–3,1.9,Eibar,10569,Estadi Municipal de Montilivi,Eduardo Prieto,Match Report,
8,Sat,10/6/18,16:15 (10:15),Getafe,1.2,0–1,1,Levante,9557,Coliseum Alfonso Pérez,José Luis Munuera,Match Report,
8,Sat,10/6/18,18:30 (12:30),Alavés,0.8,1–0,0.8,Real Madrid,19461,Estadio de Mendizorroza,Santiago Jaime,Match Report,
8,Sat,10/6/18,20:45 (14:45),Leganés,1,1–0,0.3,Rayo Vallecano,11539,Estadio Municipal de Butarque,David Medié,Match Report,
8,Sun,10/7/18,12:00 (06:00),Valladolid,1.1,1–0,0.5,Huesca,17300,Estadio Municipal José Zorrilla,Antonio Matéu Lahoz,Match Report,
8,Sun,10/7/18,16:15 (10:15),Atlético Madrid,0.7,1–0,0.4,Betis,63786,Estadio Wanda Metropolitano,Alberto Undiano,Match Report,
8,Sun,10/7/18,18:30 (12:30),Sevilla,2.6,2–1,0.8,Celta Vigo,38068,Estadio Ramón Sánchez Pizjuán,Pablo González,Match Report,
8,Sun,10/7/18,18:30 (12:30),Espanyol,3.8,3–1,1.7,Villarreal,20032,RCDE Stadium,Ricardo de Burgos,Match Report,
8,Sun,10/7/18,20:45 (14:45),Valencia,1.5,1–1,0.4,Barcelona,46249,Estadio de Mestalla,José González,Match Report,
,,,,,,,,,,,,,
9,Fri,10/19/18,21:00 (15:00),Celta Vigo,1,0–1,1,Alavés,15627,Estadio de Balaídos,Carlos del Cerro,Match Report,
9,Sat,10/20/18,13:00 (07:00),Real Madrid,3.5,1–2,2,Levante,63423,Estadio Santiago Bernabéu,Guillermo Cuadra,Match Report,
9,Sat,10/20/18,16:15 (10:15),Valencia,1.3,1–1,1,Leganés,35597,Estadio de Mestalla,Ignacio Iglesias,Match Report,
9,Sat,10/20/18,18:30 (12:30),Villarreal,1.3,1–1,1,Atlético Madrid,17518,Estadio de la Cerámica,Javier Estrada,Match Report,
9,Sat,10/20/18,20:45 (14:45),Barcelona,2.6,4–2,1.9,Sevilla,88712,Camp Nou,Juan Martínez,Match Report,
9,Sun,10/21/18,12:00 (06:00),Rayo Vallecano,0.4,1–2,0.5,Getafe,12040,Estadio del Rayo Vallecano,Mario Melero,Match Report,
9,Sun,10/21/18,16:15 (10:15),Eibar,1.7,1–1,0.9,Athletic Bilbao,6475,Estadio Municipal de Ipurúa,Jesús Gil,Match Report,
9,Sun,10/21/18,18:30 (12:30),Huesca,0.3,0–2,1.7,Espanyol,6943,Estadio El Alcoraz,Eduardo Prieto,Match Report,
9,Sun,10/21/18,20:45 (14:45),Betis,1.1,0–1,0.6,Valladolid,42581,Estadio Benito Villamarín,Alberola Rojas,Match Report,
9,Mon,10/22/18,21:00 (15:00),Real Sociedad,0.8,0–0,0.7,Girona,20997,Estadio Municipal de Anoeta,Pablo González,Match Report,
,,,,,,,,,,,,,
3,Wed,10/24/18,19:00 (13:00),Rayo Vallecano,0.9,1–1,1.1,Athletic Bilbao,11850,Estadio del Rayo Vallecano,Guillermo Cuadra,Match Report,
,,,,,,,,,,,,,
10,Fri,10/26/18,21:00 (15:00),Valladolid,1.7,1–1,0.5,Espanyol,18231,Estadio Municipal José Zorrilla,Adrián Cordero,Match Report,
10,Sat,10/27/18,13:00 (07:00),Girona,2.2,2–1,1.3,Rayo Vallecano,6618,Estadi Municipal de Montilivi,José Luis Munuera,Match Report,
10,Sat,10/27/18,16:15 (10:15),Athletic Bilbao,0.7,0–0,0.7,Valencia,39261,San Mamés,Alberto Undiano,Match Report,
10,Sat,10/27/18,18:30 (12:30),Levante,1.2,2–0,1,Leganés,19754,Estadio Ciudad de Valencia,Ricardo de Burgos,Match Report,
10,Sat,10/27/18,18:30 (12:30),Celta Vigo,1.5,4–0,2.1,Eibar,15509,Estadio de Balaídos,José González,Match Report,
10,Sat,10/27/18,20:45 (14:45),Atlético Madrid,1.5,2–0,0.3,Real Sociedad,57514,Estadio Wanda Metropolitano,Antonio Matéu Lahoz,Match Report,
10,Sun,10/28/18,12:00 (07:00),Getafe,1.8,2–0,0.6,Betis,12086,Coliseum Alfonso Pérez,Santiago Jaime,Match Report,
10,Sun,10/28/18,16:15 (11:15),Barcelona,3,5–1,1.7,Real Madrid,93265,Camp Nou,José Sánchez,Match Report,
10,Sun,10/28/18,18:30 (13:30),Alavés,1.8,2–1,1.5,Villarreal,16956,Estadio de Mendizorroza,Guillermo Cuadra,Match Report,
10,Sun,10/28/18,20:45 (15:45),Sevilla,2,2–1,0.6,Huesca,33022,Estadio Ramón Sánchez Pizjuán,David Medié,Match Report,
,,,,,,,,,,,,,
11,Sat,11/3/18,13:00 (08:00),Leganés,0.8,1–1,0.5,Atlético Madrid,12319,Estadio Municipal de Butarque,Mario Melero,Match Report,
11,Sat,11/3/18,16:15 (11:15),Real Madrid,2.1,2–0,1.1,Valladolid,68050,Estadio Santiago Bernabéu,Jesús Gil,Match Report,
11,Sat,11/3/18,18:30 (13:30),Valencia,1.8,0–1,0.5,Girona,38745,Estadio de Mestalla,Alberola Rojas,Match Report,
11,Sat,11/3/18,20:45 (15:45),Rayo Vallecano,1.3,2–3,1.1,Barcelona,13785,Estadio del Rayo Vallecano,Alejandro Hernández,Match Report,
11,Sun,11/4/18,12:00 (06:00),Eibar,1.5,2–1,0.7,Alavés,5660,Estadio Municipal de Ipurúa,Ignacio Iglesias,Match Report,
11,Sun,11/4/18,16:15 (10:15),Villarreal,1.3,1–1,0.8,Levante,16499,Estadio de la Cerámica,Carlos del Cerro,Match Report,
11,Sun,11/4/18,18:30 (12:30),Real Sociedad,0.6,0–0,0.4,Sevilla,24882,Estadio Municipal de Anoeta,Eduardo Prieto,Match Report,
11,Sun,11/4/18,18:30 (12:30),Huesca,1.4,1–1,0.9,Getafe,6420,Estadio El Alcoraz,Juan Martínez,Match Report,
11,Sun,11/4/18,20:45 (14:45),Betis,2.1,3–3,1.4,Celta Vigo,42130,Estadio Benito Villamarín,Javier Estrada,Match Report,
11,Mon,11/5/18,21:00 (15:00),Espanyol,1.6,1–0,0.5,Athletic Bilbao,14328,RCDE Stadium,Pablo González,Match Report,
,,,,,,,,,,,,,
12,Fri,11/9/18,21:00 (15:00),Levante,0.9,1–3,1.3,Real Sociedad,19890,Estadio Ciudad de Valencia,David Medié,Match Report,
12,Sat,11/10/18,13:00 (07:00),Valladolid,0.6,0–0,1.2,Eibar,16038,Estadio Municipal José Zorrilla,Guillermo Cuadra,Match Report,
12,Sat,11/10/18,16:15 (10:15),Getafe,1.4,0–1,2,Valencia,10011,Coliseum Alfonso Pérez,Ricardo de Burgos,Match Report,
12,Sat,11/10/18,18:30 (12:30),Atlético Madrid,1.1,3–2,1.4,Athletic Bilbao,59321,Estadio Wanda Metropolitano,José Sánchez,Match Report,
12,Sat,11/10/18,20:45 (14:45),Girona,0.7,0–0,1.1,Leganés,9874,Estadi Municipal de Montilivi,Adrián Cordero,Match Report,
12,Sun,11/11/18,12:00 (06:00),Alavés,1,2–1,0.9,Huesca,18437,Estadio de Mendizorroza,José Luis Munuera,Match Report,
12,Sun,11/11/18,16:15 (10:15),Barcelona,4.1,3–4,2,Betis,83174,Camp Nou,Antonio Matéu Lahoz,Match Report,
12,Sun,11/11/18,18:30 (12:30),Sevilla,3.3,2–1,1.5,Espanyol,38769,Estadio Ramón Sánchez Pizjuán,Santiago Jaime,Match Report,
12,Sun,11/11/18,18:30 (12:30),Rayo Vallecano,2,2–2,0.7,Villarreal,11840,Estadio del Rayo Vallecano,José González,Match Report,
12,Sun,11/11/18,20:45 (14:45),Celta Vigo,1.6,2–4,2.1,Real Madrid,21184,Estadio de Balaídos,Alberto Undiano,Match Report,
,,,,,,,,,,,,,
13,Fri,11/23/18,21:00 (15:00),Leganés,1,1–0,0.3,Alavés,9863,Estadio Municipal de Butarque,Alberola Rojas,Match Report,
13,Sat,11/24/18,13:00 (07:00),Eibar,2.8,3–0,0.6,Real Madrid,6435,Estadio Municipal de Ipurúa,Juan Martínez,Match Report,
13,Sat,11/24/18,16:15 (10:15),Valencia,1.8,3–0,0.7,Rayo Vallecano,37814,Estadio de Mestalla,Pablo González,Match Report,
13,Sat,11/24/18,18:30 (12:30),Huesca,2,2–2,0.6,Levante,6459,Estadio El Alcoraz,Javier Estrada,Match Report,
13,Sat,11/24/18,20:45 (14:45),Atlético Madrid,0.1,1–1,0.4,Barcelona,67204,Estadio Wanda Metropolitano,Jesús Gil,Match Report,
13,Sun,11/25/18,12:00 (06:00),Athletic Bilbao,0.3,1–1,2.1,Getafe,39821,San Mamés,Ignacio Iglesias,Match Report,
13,Sun,11/25/18,16:15 (10:15),Sevilla,2.1,1–0,0.6,Valladolid,34064,Estadio Ramón Sánchez Pizjuán,Carlos del Cerro,Match Report,
13,Sun,11/25/18,18:30 (12:30),Espanyol,2.2,1–3,2.4,Girona,22716,RCDE Stadium,Alejandro Hernández,Match Report,
13,Sun,11/25/18,20:45 (14:45),Villarreal,1,2–1,1.1,Betis,16028,Estadio de la Cerámica,Eduardo Prieto,Match Report,
13,Mon,11/26/18,21:00 (15:00),Real Sociedad,2,2–1,0.4,Celta Vigo,17744,Estadio Municipal de Anoeta,Mario Melero,Match Report,
,,,,,,,,,,,,,
14,Fri,11/30/18,21:00 (15:00),Rayo Vallecano,0.7,1–0,0.8,Eibar,11257,Estadio del Rayo Vallecano,Alberto Undiano,Match Report,
14,Sat,12/1/18,13:00 (07:00),Celta Vigo,2.1,2–0,0.8,Huesca,13463,Estadio de Balaídos,Adrián Cordero,Match Report,
14,Sat,12/1/18,16:15 (10:15),Valladolid,1.7,2–4,1.5,Leganés,16783,Estadio Municipal José Zorrilla,David Medié,Match Report,
14,Sat,12/1/18,18:30 (12:30),Getafe,1.1,3–0,1.1,Espanyol,9287,Coliseum Alfonso Pérez,Antonio Matéu Lahoz,Match Report,
14,Sat,12/1/18,20:45 (14:45),Real Madrid,1.1,2–0,0.7,Valencia,69653,Estadio Santiago Bernabéu,José González,Match Report,
14,Sun,12/2/18,12:00 (06:00),Betis,0.8,1–0,0.9,Real Sociedad,46562,Estadio Benito Villamarín,Guillermo Cuadra,Match Report,
14,Sun,12/2/18,16:15 (10:15),Girona,1.3,1–1,2,Atlético Madrid,12104,Estadi Municipal de Montilivi,Ricardo de Burgos,Match Report,
14,Sun,12/2/18,18:30 (12:30),Barcelona,1.1,2–0,0.8,Villarreal,73003,Camp Nou,José Luis Munuera,Match Report,
14,Sun,12/2/18,20:45 (14:45),Alavés,1.4,1–1,1.9,Sevilla,17848,Estadio de Mendizorroza,José Sánchez,Match Report,
14,Mon,12/3/18,21:00 (15:00),Levante,1.7,3–0,0.8,Athletic Bilbao,19928,Estadio Ciudad de Valencia,Santiago Jaime,Match Report,
,,,,,,,,,,,,,
15,Fri,12/7/18,21:00 (15:00),Leganés,1.3,1–1,1.3,Getafe,11327,Estadio Municipal de Butarque,Pablo González,Match Report,
15,Sat,12/8/18,13:00 (07:00),Atlético Madrid,2.1,3–0,1.3,Alavés,55810,Estadio Wanda Metropolitano,Alejandro Hernández,Match Report,
15,Sat,12/8/18,16:15 (10:15),Valencia,1.2,1–1,1.3,Sevilla,40057,Estadio de Mestalla,Javier Estrada,Match Report,
15,Sat,12/8/18,18:30 (12:30),Villarreal,1.5,2–3,1.7,Celta Vigo,15720,Estadio de la Cerámica,Jesús Gil,Match Report,
15,Sat,12/8/18,20:45 (14:45),Espanyol,1,0–4,2.6,Barcelona,24037,RCDE Stadium,Carlos del Cerro,Match Report,
15,Sun,12/9/18,12:00 (06:00),Eibar,3.3,4–4,3,Levante,5328,Estadio Municipal de Ipurúa,Alberola Rojas,Match Report,
15,Sun,12/9/18,16:15 (10:15),Huesca,0.9,0–1,0.3,Real Madrid,7341,Estadio El Alcoraz,Mario Melero,Match Report,
15,Sun,12/9/18,18:30 (12:30),Real Sociedad,2.2,1–2,0.9,Valladolid,23260,Estadio Municipal de Anoeta,Ignacio Iglesias,Match Report,
15,Sun,12/9/18,20:45 (14:45),Betis,1.8,2–0,1.2,Rayo Vallecano,40218,Estadio Benito Villamarín,Juan Martínez,Match Report,
15,Mon,12/10/18,21:00 (15:00),Athletic Bilbao,2,1–0,0.1,Girona,34060,San Mamés,Eduardo Prieto,Match Report,
,,,,,,,,,,,,,
16,Fri,12/14/18,21:00 (15:00),Celta Vigo,0.7,0–0,0.6,Leganés,15134,Estadio de Balaídos,José Luis Munuera,Match Report,
16,Sat,12/15/18,13:00 (07:00),Getafe,0.5,1–0,0.7,Real Sociedad,9018,Coliseum Alfonso Pérez,Santiago Jaime,Match Report,
16,Sat,12/15/18,16:15 (10:15),Valladolid,0.9,2–3,1.7,Atlético Madrid,22585,Estadio Municipal José Zorrilla,Alberto Undiano,Match Report,
16,Sat,12/15/18,18:30 (12:30),Real Madrid,1,1–0,0.8,Rayo Vallecano,55229,Estadio Santiago Bernabéu,Ricardo de Burgos,Match Report,
16,Sat,12/15/18,20:45 (14:45),Eibar,1.4,1–1,2,Valencia,4491,Estadio Municipal de Ipurúa,Adrián Cordero,Match Report,
16,Sun,12/16/18,12:00 (06:00),Sevilla,2.6,2–0,0.8,Girona,33542,Estadio Ramón Sánchez Pizjuán,Guillermo Cuadra,Match Report,
16,Sun,12/16/18,16:15 (10:15),Espanyol,0.9,1–3,1.7,Betis,20275,RCDE Stadium,José Sánchez,Match Report,
16,Sun,12/16/18,18:30 (12:30),Huesca,3.7,2–2,1.5,Villarreal,6455,Estadio El Alcoraz,David Medié,Match Report,
16,Sun,12/16/18,20:45 (14:45),Levante,1.1,0–5,3,Barcelona,23736,Estadio Ciudad de Valencia,José González,Match Report,
16,Mon,12/17/18,21:00 (15:00),Alavés,0.4,0–0,0.3,Athletic Bilbao,19349,Estadio de Mendizorroza,Antonio Matéu Lahoz,Match Report,
,,,,,,,,,,,,,
17,Fri,12/21/18,19:30 (13:30),Girona,1.4,1–1,0.9,Getafe,8450,Estadi Municipal de Montilivi,Alberola Rojas,Match Report,
17,Fri,12/21/18,21:00 (15:00),Real Sociedad,1.1,0–1,0.5,Alavés,22431,Estadio Municipal de Anoeta,Javier Estrada,Match Report,
17,Sat,12/22/18,13:00 (07:00),Betis,1.5,1–1,2.2,Eibar,49426,Estadio Benito Villamarín,Carlos del Cerro,Match Report,
17,Sat,12/22/18,16:15 (10:15),Atlético Madrid,1,1–0,1.1,Espanyol,58069,Estadio Wanda Metropolitano,Mario Melero,Match Report,
17,Sat,12/22/18,18:30 (12:30),Barcelona,1.2,2–0,0.7,Celta Vigo,78686,Camp Nou,Eduardo Prieto,Match Report,
17,Sat,12/22/18,20:45 (14:45),Athletic Bilbao,1.2,1–1,0.5,Valladolid,42633,San Mamés,José Sánchez,Match Report,
17,Sun,12/23/18,12:00 (06:00),Valencia,2.7,2–1,1.9,Huesca,36547,Estadio de Mestalla,Jesús Gil,Match Report,
17,Sun,12/23/18,16:15 (10:15),Leganés,1,1–1,0.7,Sevilla,11321,Estadio Municipal de Butarque,Alejandro Hernández,Match Report,
17,Sun,12/23/18,18:30 (12:30),Rayo Vallecano,2,2–1,1,Levante,11206,Estadio del Rayo Vallecano,Ignacio Iglesias,Match Report,
17,Thu,1/3/19,21:30 (15:30),Villarreal,0.9,2–2,1.2,Real Madrid,19903,Estadio de la Cerámica,Pablo González,Match Report,
,,,,,,,,,,,,,
18,Fri,1/4/19,19:00 (13:00),Levante,1.5,2–2,1.3,Girona,19415,Estadio Ciudad de Valencia,Alberto Undiano,Match Report,
18,Fri,1/4/19,21:00 (15:00),Espanyol,1.3,1–0,0.4,Leganés,15085,RCDE Stadium,José González,Match Report,
18,Sat,1/5/19,13:00 (07:00),Valladolid,1.6,0–1,0.8,Rayo Vallecano,17261,Estadio Municipal José Zorrilla,Adrián Cordero,Match Report,
18,Sat,1/5/19,16:15 (10:15),Alavés,1.9,2–1,1.1,Valencia,18304,Estadio de Mendizorroza,David Medié,Match Report,
18,Sat,1/5/19,20:45 (14:45),Huesca,1.5,2–1,1.4,Betis,6135,Estadio El Alcoraz,Ricardo de Burgos,Match Report,
18,Sun,1/6/19,12:00 (06:00),Eibar,1.7,0–0,0.9,Villarreal,4141,Estadio Municipal de Ipurúa,Santiago Jaime,Match Report,
18,Sun,1/6/19,16:15 (10:15),Sevilla,1.5,1–1,0.8,Atlético Madrid,38603,Estadio Ramón Sánchez Pizjuán,Antonio Matéu Lahoz,Match Report,
18,Sun,1/6/19,18:30 (12:30),Real Madrid,2.4,0–2,2,Real Sociedad,53412,Estadio Santiago Bernabéu,José Luis Munuera,Match Report,
18,Sun,1/6/19,20:45 (14:45),Getafe,1.5,1–2,2.3,Barcelona,14721,Coliseum Alfonso Pérez,Guillermo Cuadra,Match Report,
18,Mon,1/7/19,21:00 (15:00),Celta Vigo,1.1,1–2,1.5,Athletic Bilbao,13266,Estadio de Balaídos,Juan Martínez,Match Report,
,,,,,,,,,,,,,
19,Fri,1/11/19,21:00 (15:00),Rayo Vallecano,1.7,4–2,1.2,Celta Vigo,11465,Estadio del Rayo Vallecano,Alberola Rojas,Match Report,
19,Sat,1/12/19,13:00 (07:00),Leganés,1.7,1–0,0.5,Huesca,10341,Estadio Municipal de Butarque,Mario Melero,Match Report,
19,Sat,1/12/19,16:15 (10:15),Valencia,2.2,1–1,0.1,Valladolid,36912,Estadio de Mestalla,Ignacio Iglesias,Match Report,
19,Sat,1/12/19,18:30 (12:30),Girona,0.4,1–1,0.9,Alavés,10303,Estadi Municipal de Montilivi,José Sánchez,Match Report,
19,Sat,1/12/19,20:45 (14:45),Villarreal,1.8,1–2,0.9,Getafe,13671,Estadio de la Cerámica,Javier Estrada,Match Report,
19,Sun,1/13/19,12:00 (06:00),Atlético Madrid,2.3,1–0,0.6,Levante,57093,Estadio Wanda Metropolitano,Eduardo Prieto,Match Report,
19,Sun,1/13/19,16:15 (10:15),Athletic Bilbao,1,2–0,0.8,Sevilla,41342,San Mamés,Pablo González,Match Report,
19,Sun,1/13/19,18:30 (12:30),Barcelona,1.6,3–0,0.9,Eibar,71039,Camp Nou,Jesús Gil,Match Report,
19,Sun,1/13/19,20:45 (14:45),Betis,0.7,1–2,0.8,Real Madrid,54187,Estadio Benito Villamarín,Alejandro Hernández,Match Report,
19,Mon,1/14/19,21:00 (15:00),Real Sociedad,2.1,3–2,1.8,Espanyol,17301,Estadio Municipal de Anoeta,Carlos del Cerro,Match Report,
,,,,,,,,,,,,,
20,Fri,1/18/19,21:00 (15:00),Getafe,2.1,4–0,0.3,Alavés,8748,Coliseum Alfonso Pérez,José Luis Munuera,Match Report,
20,Sat,1/19/19,16:15 (10:15),Real Madrid,1.2,2–0,0.3,Sevilla,68232,Estadio Santiago Bernabéu,Antonio Matéu Lahoz,Match Report,
20,Sat,1/19/19,18:30 (12:30),Huesca,1.1,0–3,1.7,Atlético Madrid,7106,Estadio El Alcoraz,Guillermo Cuadra,Match Report,
20,Sat,1/19/19,20:45 (14:45),Celta Vigo,0.7,1–2,1.4,Valencia,15668,Estadio de Balaídos,José González,Match Report,
20,Sun,1/20/19,12:00 (06:00),Betis,1.6,3–2,0.9,Girona,47218,Estadio Benito Villamarín,Adrián Cordero,Match Report,
20,Sun,1/20/19,16:15 (10:15),Villarreal,1,1–1,0.5,Athletic Bilbao,17054,Estadio de la Cerámica,Alberto Undiano,Match Report,
20,Sun,1/20/19,18:30 (12:30),Rayo Vallecano,0.9,2–2,1.5,Real Sociedad,12562,Estadio del Rayo Vallecano,David Medié,Match Report,
20,Sun,1/20/19,18:30 (12:30),Levante,1.2,2–0,1,Valladolid,19107,Estadio Ciudad de Valencia,Santiago Jaime,Match Report,
20,Sun,1/20/19,20:45 (14:45),Barcelona,1.7,3–1,0.6,Leganés,50670,Camp Nou,Ricardo de Burgos,Match Report,
20,Mon,1/21/19,21:00 (15:00),Eibar,1.8,3–0,0.8,Espanyol,3592,Estadio Municipal de Ipurúa,Juan Martínez,Match Report,
,,,,,,,,,,,,,
21,Sat,1/26/19,13:00 (07:00),Sevilla,4.5,5–0,0.7,Levante,34220,Estadio Ramón Sánchez Pizjuán,Alberola Rojas,Match Report,
21,Sat,1/26/19,16:15 (10:15),Atlético Madrid,1.2,2–0,0.2,Getafe,55709,Estadio Wanda Metropolitano,Ignacio Iglesias,Match Report,
21,Sat,1/26/19,18:30 (12:30),Leganés,0.8,2–2,0.3,Eibar,9341,Estadio Municipal de Butarque,Alejandro Hernández,Match Report,
21,Sat,1/26/19,20:45 (14:45),Valencia,1.8,3–0,0.8,Villarreal,37685,Estadio de Mestalla,Carlos del Cerro,Match Report,
21,Sun,1/27/19,12:00 (06:00),Valladolid,2.3,2–1,0.8,Celta Vigo,18416,Estadio Municipal José Zorrilla,José Sánchez,Match Report,
21,Sun,1/27/19,16:15 (10:15),Girona,1.3,0–2,2.2,Barcelona,14021,Estadi Municipal de Montilivi,Pablo González,Match Report,
21,Sun,1/27/19,18:30 (12:30),Real Sociedad,0.6,0–0,0.6,Huesca,21252,Estadio Municipal de Anoeta,Eduardo Prieto,Match Report,
21,Sun,1/27/19,18:30 (12:30),Athletic Bilbao,0.7,1–0,0.3,Betis,40282,San Mamés,Javier Estrada,Match Report,
21,Sun,1/27/19,20:45 (14:45),Espanyol,0.9,2–4,1.9,Real Madrid,21215,RCDE Stadium,Jesús Gil,Match Report,
21,Mon,1/28/19,21:00 (15:00),Alavés,1,0–1,0.8,Rayo Vallecano,13982,Estadio de Mendizorroza,Mario Melero,Match Report,
,,,,,,,,,,,,,
22,Fri,2/1/19,21:00 (15:00),Huesca,1.3,4–0,0.4,Valladolid,6052,Estadio El Alcoraz,José Luis Munuera,Match Report,
22,Sat,2/2/19,13:00 (07:00),Levante,0.7,0–0,0.3,Getafe,18437,Estadio Ciudad de Valencia,Adrián Cordero,Match Report,
22,Sat,2/2/19,16:15 (10:15),Real Sociedad,1.5,2–1,1.1,Athletic Bilbao,27073,Estadio Municipal de Anoeta,Antonio Matéu Lahoz,Match Report,
22,Sat,2/2/19,18:30 (12:30),Barcelona,1.8,2–2,2.8,Valencia,76789,Camp Nou,Alberto Undiano,Match Report,
22,Sat,2/2/19,20:45 (14:45),Celta Vigo,0.8,1–0,0.6,Sevilla,17503,Estadio de Balaídos,Ricardo de Burgos,Match Report,
22,Sun,2/3/19,12:00 (06:00),Villarreal,2.1,2–2,1.2,Espanyol,15476,Estadio de la Cerámica,Guillermo Cuadra,Match Report,
22,Sun,2/3/19,16:15 (10:15),Betis,1,1–0,0.8,Atlético Madrid,50864,Estadio Benito Villamarín,David Medié,Match Report,
22,Sun,2/3/19,18:30 (12:30),Eibar,1.8,3–0,0.3,Girona,4419,Estadio Municipal de Ipurúa,José González,Match Report,
22,Sun,2/3/19,20:45 (14:45),Real Madrid,2.4,3–0,0.4,Alavés,53132,Estadio Santiago Bernabéu,Santiago Jaime,Match Report,
22,Mon,2/4/19,21:00 (15:00),Rayo Vallecano,1.1,1–2,0.7,Leganés,11435,Estadio del Rayo Vallecano,Juan Martínez,Match Report,
,,,,,,,,,,,,,
23,Fri,2/8/19,21:00 (15:00),Valladolid,0.7,0–0,1,Villarreal,16842,Estadio Municipal José Zorrilla,Alejandro Hernández,Match Report,
23,Sat,2/9/19,13:00 (07:00),Getafe,3,3–1,0.7,Celta Vigo,9918,Coliseum Alfonso Pérez,Pablo González,Match Report,
23,Sat,2/9/19,16:15 (10:15),Atlético Madrid,0.9,1–3,1.6,Real Madrid,67752,Estadio Wanda Metropolitano,Javier Estrada,Match Report,
23,Sat,2/9/19,18:30 (12:30),Espanyol,2,2–1,0.7,Rayo Vallecano,22104,RCDE Stadium,Eduardo Prieto,Match Report,
23,Sat,2/9/19,20:45 (14:45),Girona,1,0–2,0.4,Huesca,10662,Estadi Municipal de Montilivi,Adrián Cordero,Match Report,
23,Sun,2/10/19,12:00 (06:00),Leganés,1.7,3–0,0.1,Betis,11381,Estadio Municipal de Butarque,Alberola Rojas,Match Report,
23,Sun,2/10/19,16:15 (10:15),Valencia,0.9,0–0,0.6,Real Sociedad,38885,Estadio de Mestalla,Mario Melero,Match Report,
23,Sun,2/10/19,18:30 (12:30),Sevilla,1.2,2–2,1,Eibar,36343,Estadio Ramón Sánchez Pizjuán,Ignacio Iglesias,Match Report,
23,Sun,2/10/19,20:45 (14:45),Athletic Bilbao,1.5,0–0,0.9,Barcelona,47557,San Mamés,Carlos del Cerro,Match Report,
23,Mon,2/11/19,21:00 (15:00),Alavés,1.5,2–0,0.3,Levante,13691,Estadio de Mendizorroza,Alberto Undiano,Match Report,
,,,,,,,,,,,,,
24,Fri,2/15/19,21:00 (15:00),Eibar,1.6,2–2,1.1,Getafe,4449,Estadio Municipal de Ipurúa,David Medié,Match Report,
24,Sat,2/16/19,13:00 (07:00),Celta Vigo,1.5,1–4,2.5,Levante,15479,Estadio de Balaídos,Santiago Jaime,Match Report,
24,Sat,2/16/19,16:15 (10:15),Rayo Vallecano,0.6,0–1,0.2,Atlético Madrid,13880,Estadio del Rayo Vallecano,Jesús Gil,Match Report,
24,Sat,2/16/19,18:30 (12:30),Real Sociedad,1.2,3–0,0.4,Leganés,22997,Estadio Municipal de Anoeta,José Luis Munuera,Match Report,
24,Sat,2/16/19,20:45 (14:45),Barcelona,3.6,1–0,0.4,Valladolid,67435,Camp Nou,Juan Martínez,Match Report,
24,Sun,2/17/19,12:00 (06:00),Real Madrid,1.3,1–2,2.1,Girona,68099,Estadio Santiago Bernabéu,Guillermo Cuadra,Match Report,
24,Sun,2/17/19,16:15 (10:15),Valencia,1.6,0–0,0.4,Espanyol,39564,Estadio de Mestalla,Ricardo de Burgos,Match Report,
24,Sun,2/17/19,18:30 (12:30),Villarreal,1.5,3–0,1.5,Sevilla,17402,Estadio de la Cerámica,José González,Match Report,
24,Sun,2/17/19,20:45 (14:45),Betis,2.5,1–1,0.6,Alavés,43455,Estadio Benito Villamarín,Antonio Matéu Lahoz,Match Report,
24,Mon,2/18/19,21:00 (15:00),Huesca,1,0–1,1.3,Athletic Bilbao,6729,Estadio El Alcoraz,José Sánchez,Match Report,
,,,,,,,,,,,,,
25,Fri,2/22/19,21:00 (15:00),Espanyol,0.6,1–1,0.9,Huesca,20078,RCDE Stadium,Alejandro Hernández,Match Report,
25,Sat,2/23/19,13:00 (07:00),Getafe,1.4,2–1,0.3,Rayo Vallecano,11207,Coliseum Alfonso Pérez,Alberola Rojas,Match Report,
25,Sat,2/23/19,16:15 (10:15),Sevilla,1.2,2–4,1.7,Barcelona,40661,Estadio Ramón Sánchez Pizjuán,Antonio Matéu Lahoz,Match Report,
25,Sat,2/23/19,18:30 (12:30),Alavés,1.3,0–0,0.6,Celta Vigo,18882,Estadio de Mendizorroza,Carlos del Cerro,Match Report,
25,Sat,2/23/19,20:45 (14:45),Athletic Bilbao,1.4,1–0,0.8,Eibar,43363,San Mamés,Mario Melero,Match Report,
25,Sun,2/24/19,12:00 (06:00),Leganés,1.5,1–1,0.6,Valencia,11425,Estadio Municipal de Butarque,Javier Estrada,Match Report,
25,Sun,2/24/19,16:15 (10:15),Atlético Madrid,1.3,2–0,0.8,Villarreal,59114,Estadio Wanda Metropolitano,Alberto Undiano,Match Report,
25,Sun,2/24/19,18:30 (12:30),Valladolid,0.6,0–2,0.7,Betis,20125,Estadio Municipal José Zorrilla,Pablo González,Match Report,
25,Sun,2/24/19,20:45 (14:45),Levante,1.5,1–2,2.5,Real Madrid,23018,Estadio Ciudad de Valencia,Ignacio Iglesias,Match Report,
25,Mon,2/25/19,21:00 (15:00),Girona,0.7,0–0,0.7,Real Sociedad,10170,Estadi Municipal de Montilivi,Eduardo Prieto,Match Report,
,,,,,,,,,,,,,
26,Fri,3/1/19,21:00 (15:00),Rayo Vallecano,0.8,0–2,1.2,Girona,12087,Estadio del Rayo Vallecano,Santiago Jaime,Match Report,
26,Sat,3/2/19,13:00 (07:00),Espanyol,2.9,3–1,1.6,Valladolid,20467,RCDE Stadium,Adrián Cordero,Match Report,
26,Sat,3/2/19,16:15 (10:15),Villarreal,1.3,1–2,1.3,Alavés,15488,Estadio de la Cerámica,José Luis Munuera,Match Report,
26,Sat,3/2/19,18:30 (12:30),Huesca,0.5,2–1,2,Sevilla,6818,Estadio El Alcoraz,Ricardo de Burgos,Match Report,
26,Sat,3/2/19,20:45 (14:45),Real Madrid,1.1,0–1,1.5,Barcelona,78921,Estadio Santiago Bernabéu,Alberto Undiano,Match Report,
26,Sun,3/3/19,12:00 (06:00),Eibar,2.2,1–0,1,Celta Vigo,4682,Estadio Municipal de Ipurúa,Guillermo Cuadra,Match Report,
26,Sun,3/3/19,16:15 (10:15),Betis,0.6,1–2,1.4,Getafe,46657,Estadio Benito Villamarín,Juan Martínez,Match Report,
26,Sun,3/3/19,18:30 (12:30),Real Sociedad,0.9,0–2,2.1,Atlético Madrid,26004,Estadio Municipal de Anoeta,José González,Match Report,
26,Sun,3/3/19,20:45 (14:45),Valencia,1.2,2–0,0.3,Athletic Bilbao,39041,Estadio de Mestalla,David Medié,Match Report,
26,Mon,3/4/19,21:00 (15:00),Leganés,1.3,1–0,1.4,Levante,9758,Estadio Municipal de Butarque,Jesús Gil,Match Report,
,,,,,,,,,,,,,
27,Fri,3/8/19,21:00 (15:00),Athletic Bilbao,0.7,1–1,0.4,Espanyol,38453,San Mamés,Pablo González,Match Report,
27,Sat,3/9/19,13:00 (07:00),Alavés,1.8,1–1,1.9,Eibar,18793,Estadio de Mendizorroza,Alberola Rojas,Match Report,
27,Sat,3/9/19,16:15 (10:15),Atlético Madrid,1.3,1–0,0.1,Leganés,58321,Estadio Wanda Metropolitano,Antonio Matéu Lahoz,Match Report,
27,Sat,3/9/19,18:30 (12:30),Barcelona,2.7,3–1,0.3,Rayo Vallecano,74158,Camp Nou,Mario Melero,Match Report,
27,Sat,3/9/19,20:45 (14:45),Getafe,1.6,2–1,0.8,Huesca,10882,Coliseum Alfonso Pérez,Eduardo Prieto,Match Report,
27,Sun,3/10/19,12:00 (07:00),Celta Vigo,0.4,0–1,1.2,Betis,18005,Estadio de Balaídos,Javier Estrada,Match Report,
27,Sun,3/10/19,16:15 (11:15),Girona,1.9,2–3,0.9,Valencia,11502,Estadi Municipal de Montilivi,Carlos del Cerro,Match Report,
27,Sun,3/10/19,18:30 (13:30),Sevilla,2.2,5–2,1.1,Real Sociedad,35813,Estadio Ramón Sánchez Pizjuán,Ignacio Iglesias,Match Report,
27,Sun,3/10/19,18:30 (13:30),Levante,1,0–2,0.8,Villarreal,20149,Estadio Ciudad de Valencia,José Sánchez,Match Report,
27,Sun,3/10/19,20:45 (15:45),Valladolid,2.2,1–4,2.8,Real Madrid,21914,Estadio Municipal José Zorrilla,Jesús Gil,Match Report,
,,,,,,,,,,,,,
28,Fri,3/15/19,21:00 (16:00),Real Sociedad,2,1–1,0.7,Levante,20605,Estadio Municipal de Anoeta,Adrián Cordero,Match Report,
28,Sat,3/16/19,13:00 (08:00),Huesca,1.4,1–3,2,Alavés,6811,Estadio El Alcoraz,Alberto Undiano,Match Report,
28,Sat,3/16/19,16:15 (11:15),Real Madrid,2.3,2–0,0.4,Celta Vigo,65054,Estadio Santiago Bernabéu,Juan Martínez,Match Report,
28,Sat,3/16/19,18:30 (13:30),Athletic Bilbao,1.1,2–0,0.5,Atlético Madrid,39659,San Mamés,Santiago Jaime,Match Report,
28,Sat,3/16/19,20:45 (15:45),Leganés,0.5,0–2,1.3,Girona,9873,Estadio Municipal de Butarque,José Luis Munuera,Match Report,
28,Sun,3/17/19,12:00 (07:00),Eibar,1.4,1–2,1.9,Valladolid,4508,Estadio Municipal de Ipurúa,David Medié,Match Report,
28,Sun,3/17/19,16:15 (11:15),Espanyol,0.7,0–1,1.2,Sevilla,20219,RCDE Stadium,Guillermo Cuadra,Match Report,
28,Sun,3/17/19,18:30 (13:30),Villarreal,2.4,3–1,0.2,Rayo Vallecano,17117,Estadio de la Cerámica,José González,Match Report,
28,Sun,3/17/19,18:30 (13:30),Valencia,0.5,0–0,0.3,Getafe,41778,Estadio de Mestalla,José Sánchez,Match Report,
28,Sun,3/17/19,20:45 (15:45),Betis,1,1–4,3,Barcelona,54172,Estadio Benito Villamarín,Ricardo de Burgos,Match Report,
,,,,,,,,,,,,,
29,Fri,3/29/19,21:00 (16:00),Girona,0.3,1–2,0.6,Athletic Bilbao,10652,Estadi Municipal de Montilivi,José Sánchez,Match Report,
29,Sat,3/30/19,13:00 (08:00),Getafe,0.6,0–2,1.1,Leganés,12705,Coliseum Alfonso Pérez,Pablo González,Match Report,
29,Sat,3/30/19,16:15 (11:15),Barcelona,1.1,2–0,0.2,Espanyol,92795,Camp Nou,Carlos del Cerro,Match Report,
29,Sat,3/30/19,18:30 (13:30),Celta Vigo,1.5,3–2,2.1,Villarreal,22315,Estadio de Balaídos,Jesús Gil,Match Report,
29,Sat,3/30/19,20:45 (15:45),Alavés,0.8,0–4,1.5,Atlético Madrid,19117,Estadio de Mendizorroza,Mario Melero,Match Report,
29,Sun,3/31/19,12:00 (06:00),Levante,0.7,2–2,1.9,Eibar,16179,Estadio Ciudad de Valencia,Eduardo Prieto,Match Report,
29,Sun,3/31/19,14:00 (08:00),Rayo Vallecano,2,1–1,0.6,Betis,12310,Estadio del Rayo Vallecano,Antonio Matéu Lahoz,Match Report,
29,Sun,3/31/19,16:15 (10:15),Sevilla,1,0–1,0.9,Valencia,38450,Estadio Ramón Sánchez Pizjuán,José González,Match Report,
29,Sun,3/31/19,18:30 (12:30),Valladolid,1.2,1–1,0.5,Real Sociedad,18775,Estadio Municipal José Zorrilla,Alberola Rojas,Match Report,
29,Sun,3/31/19,20:45 (14:45),Real Madrid,3.7,3–2,1.5,Huesca,49269,Estadio Santiago Bernabéu,Javier Estrada,Match Report,
,,,,,,,,,,,,,
30,Tue,4/2/19,19:30 (13:30),Atlético Madrid,2.5,2–0,0.3,Girona,40863,Estadio Wanda Metropolitano,Ignacio Iglesias,Match Report,
30,Tue,4/2/19,20:30 (14:30),Espanyol,1.5,1–1,1.1,Getafe,16322,RCDE Stadium,Ricardo de Burgos,Match Report,
30,Tue,4/2/19,21:30 (15:30),Villarreal,2.7,4–4,2.4,Barcelona,19515,Estadio de la Cerámica,Alejandro Hernández,Match Report,
30,Wed,4/3/19,19:30 (13:30),Athletic Bilbao,1.5,3–2,1.2,Levante,36450,San Mamés,José Luis Munuera,Match Report,
30,Wed,4/3/19,20:30 (14:30),Eibar,1.3,2–1,0.8,Rayo Vallecano,3940,Estadio Municipal de Ipurúa,Alberto Undiano,Match Report,
30,Wed,4/3/19,20:30 (14:30),Huesca,2.6,3–3,1.4,Celta Vigo,6552,Estadio El Alcoraz,Adrián Cordero,Match Report,
30,Wed,4/3/19,21:30 (15:30),Valencia,1.2,2–1,0.7,Real Madrid,44274,Estadio de Mestalla,Santiago Jaime,Match Report,
30,Thu,4/4/19,19:30 (13:30),Sevilla,1.5,2–0,0.4,Alavés,33212,Estadio Ramón Sánchez Pizjuán,Juan Martínez,Match Report,
30,Thu,4/4/19,20:30 (14:30),Leganés,1.7,1–0,0.9,Valladolid,10185,Estadio Municipal de Butarque,Guillermo Cuadra,Match Report,
30,Thu,4/4/19,21:30 (15:30),Real Sociedad,2.1,2–1,1.1,Betis,16417,Estadio Municipal de Anoeta,David Medié,Match Report,
,,,,,,,,,,,,,
31,Sat,4/6/19,13:00 (07:00),Girona,1.7,1–2,0.4,Espanyol,11463,Estadi Municipal de Montilivi,Eduardo Prieto,Match Report,
31,Sat,4/6/19,16:15 (10:15),Real Madrid,1.4,2–1,0.5,Eibar,50284,Estadio Santiago Bernabéu,Pablo González,Match Report,
31,Sat,4/6/19,18:30 (12:30),Rayo Vallecano,1.8,2–0,2.2,Valencia,11320,Estadio del Rayo Vallecano,Alberola Rojas,Match Report,
31,Sat,4/6/19,20:45 (14:45),Barcelona,2.2,2–0,0.5,Atlético Madrid,92453,Camp Nou,Jesús Gil,Match Report,
31,Sun,4/7/19,12:00 (06:00),Alavés,1,1–1,0.7,Leganés,16783,Estadio de Mendizorroza,Antonio Matéu Lahoz,Match Report,
31,Sun,4/7/19,14:00 (08:00),Getafe,0.8,1–0,0.6,Athletic Bilbao,11617,Coliseum Alfonso Pérez,José González,Match Report,
31,Sun,4/7/19,16:15 (10:15),Valladolid,0.8,0–2,1.6,Sevilla,17989,Estadio Municipal José Zorrilla,José Sánchez,Match Report,
31,Sun,4/7/19,18:30 (12:30),Levante,2.6,2–2,1,Huesca,19824,Estadio Ciudad de Valencia,Carlos del Cerro,Match Report,
31,Sun,4/7/19,18:30 (12:30),Celta Vigo,2.7,3–1,1.3,Real Sociedad,20519,Estadio de Balaídos,Mario Melero,Match Report,
31,Sun,4/7/19,20:45 (14:45),Betis,2.5,2–1,1.4,Villarreal,28475,Estadio Benito Villamarín,Javier Estrada,Match Report,
,,,,,,,,,,,,,
32,Sat,4/13/19,13:00 (07:00),Espanyol,0.4,2–1,0.9,Alavés,18143,RCDE Stadium,Ignacio Iglesias,Match Report,
32,Sat,4/13/19,16:15 (10:15),Huesca,0.3,0–0,1,Barcelona,7332,Estadio El Alcoraz,Guillermo Cuadra,Match Report,
32,Sat,4/13/19,18:30 (12:30),Atlético Madrid,1.3,2–0,0.7,Celta Vigo,55269,Estadio Wanda Metropolitano,Ricardo de Burgos,Match Report,
32,Sat,4/13/19,20:45 (14:45),Sevilla,1.7,3–2,1.1,Betis,42855,Estadio Ramón Sánchez Pizjuán,Alejandro Hernández,Match Report,
32,Sun,4/14/19,12:00 (06:00),Valladolid,1.2,2–2,1.2,Getafe,16909,Estadio Municipal José Zorrilla,José Luis Munuera,Match Report,
32,Sun,4/14/19,14:00 (08:00),Athletic Bilbao,2.2,3–2,0.9,Rayo Vallecano,38732,San Mamés,Juan Martínez,Match Report,
32,Sun,4/14/19,16:15 (10:15),Real Sociedad,0.7,1–1,1.1,Eibar,24308,Estadio Municipal de Anoeta,Santiago Jaime,Match Report,
32,Sun,4/14/19,18:30 (12:30),Girona,0.7,0–1,1.3,Villarreal,11535,Estadi Municipal de Montilivi,Adrián Cordero,Match Report,
32,Sun,4/14/19,20:45 (14:45),Valencia,2.6,3–1,0.2,Levante,42120,Estadio de Mestalla,Alberto Undiano,Match Report,
32,Mon,4/15/19,21:00 (15:00),Leganés,0.4,1–1,1.1,Real Madrid,12118,Estadio Municipal de Butarque,David Medié,Match Report,
,,,,,,,,,,,,,
33,Fri,4/19/19,21:00 (15:00),Alavés,1.5,2–2,1.4,Valladolid,13568,Estadio de Mendizorroza,Javier Estrada,Match Report,
33,Sat,4/20/19,13:00 (07:00),Celta Vigo,1.2,2–1,0.6,Girona,20546,Estadio de Balaídos,Carlos del Cerro,Match Report,
33,Sat,4/20/19,16:15 (10:15),Eibar,0.5,0–1,1.4,Atlético Madrid,4750,Estadio Municipal de Ipurúa,Alberola Rojas,Match Report,
33,Sat,4/20/19,18:30 (12:30),Rayo Vallecano,1.1,0–0,0.5,Huesca,10542,Estadio del Rayo Vallecano,José González,Match Report,
33,Sat,4/20/19,20:45 (14:45),Barcelona,1.1,2–1,1,Real Sociedad,75470,Camp Nou,Pablo González,Match Report,
33,Sun,4/21/19,12:00 (06:00),Levante,1.8,2–2,1.3,Espanyol,16876,Estadio Ciudad de Valencia,Jesús Gil,Match Report,
33,Sun,4/21/19,14:00 (08:00),Getafe,2.4,3–0,0.5,Sevilla,11495,Coliseum Alfonso Pérez,Antonio Matéu Lahoz,Match Report,
33,Sun,4/21/19,16:15 (10:15),Real Madrid,1.3,3–0,0.4,Athletic Bilbao,59815,Estadio Santiago Bernabéu,Mario Melero,Match Report,
33,Sun,4/21/19,18:30 (12:30),Villarreal,1.2,2–1,1.1,Leganés,14753,Estadio de la Cerámica,Eduardo Prieto,Match Report,
33,Sun,4/21/19,20:45 (14:45),Betis,1.8,1–2,0.4,Valencia,42508,Estadio Benito Villamarín,José Sánchez,Match Report,
,,,,,,,,,,,,,
34,Tue,4/23/19,19:30 (13:30),Huesca,1.3,2–0,0.6,Eibar,6157,Estadio El Alcoraz,David Medié,Match Report,
34,Tue,4/23/19,20:30 (14:30),Valladolid,0.8,1–0,0.4,Girona,19106,Estadio Municipal José Zorrilla,Juan Martínez,Match Report,
34,Tue,4/23/19,21:30 (15:30),Alavés,0.3,0–2,2.6,Barcelona,18735,Estadio de Mendizorroza,Adrián Cordero,Match Report,
34,Wed,4/24/19,19:30 (13:30),Atlético Madrid,1.2,3–2,1.6,Valencia,43531,Estadio Wanda Metropolitano,Alejandro Hernández,Match Report,
34,Wed,4/24/19,20:30 (14:30),Espanyol,1.5,1–1,2.3,Celta Vigo,15680,RCDE Stadium,Alberto Undiano,Match Report,
34,Wed,4/24/19,20:30 (14:30),Leganés,0.4,0–1,0.4,Athletic Bilbao,4155,Estadio Municipal de Butarque,Ignacio Iglesias,Match Report,
34,Wed,4/24/19,21:30 (15:30),Levante,1.5,4–0,0.2,Betis,20394,Estadio Ciudad de Valencia,Santiago Jaime,Match Report,
34,Thu,4/25/19,19:30 (13:30),Sevilla,3.5,5–0,0.6,Rayo Vallecano,31636,Estadio Ramón Sánchez Pizjuán,Guillermo Cuadra,Match Report,
34,Thu,4/25/19,20:30 (14:30),Real Sociedad,0.8,0–1,0.7,Villarreal,20060,Estadio Municipal de Anoeta,José Luis Munuera,Match Report,
34,Thu,4/25/19,21:30 (15:30),Getafe,0.6,0–0,1.4,Real Madrid,13135,Coliseum Alfonso Pérez,Ricardo de Burgos,Match Report,
,,,,,,,,,,,,,
35,Sat,4/27/19,13:00 (07:00),Athletic Bilbao,1,1–1,1.6,Alavés,40402,San Mamés,Jesús Gil,Match Report,
35,Sat,4/27/19,16:15 (10:15),Atlético Madrid,0.8,1–0,0.7,Valladolid,53123,Estadio Wanda Metropolitano,Mario Melero,Match Report,
35,Sat,4/27/19,18:30 (12:30),Leganés,0.4,0–0,0.5,Celta Vigo,10324,Estadio Municipal de Butarque,Juan Martínez,Match Report,
35,Sat,4/27/19,20:45 (14:45),Barcelona,2,1–0,0.9,Levante,91917,Camp Nou,Ricardo de Burgos,Match Report,
35,Sun,4/28/19,12:00 (06:00),Valencia,0.5,0–1,1,Eibar,35393,Estadio de Mestalla,Javier Estrada,Match Report,
35,Sun,4/28/19,14:00 (08:00),Girona,1.6,1–0,0.5,Sevilla,11281,Estadi Municipal de Montilivi,José González,Match Report,
35,Sun,4/28/19,16:15 (10:15),Real Sociedad,2.1,2–1,0.8,Getafe,19386,Estadio Municipal de Anoeta,Eduardo Prieto,Match Report,
35,Sun,4/28/19,18:30 (12:30),Villarreal,0.8,1–1,1.7,Huesca,17901,Estadio de la Cerámica,José Sánchez,Match Report,
35,Sun,4/28/19,20:45 (14:45),Rayo Vallecano,1.4,1–0,0.5,Real Madrid,13273,Estadio del Rayo Vallecano,Pablo González,Match Report,
35,Mon,4/29/19,21:00 (15:00),Betis,1.3,1–1,1.2,Espanyol,30561,Estadio Benito Villamarín,Carlos del Cerro,Match Report,
,,,,,,,,,,,,,
36,Fri,5/3/19,21:00 (15:00),Sevilla,0.3,0–3,1.4,Leganés,32797,Estadio Ramón Sánchez Pizjuán,Alberto Undiano,Match Report,
36,Sat,5/4/19,13:00 (07:00),Levante,1.8,4–1,1.4,Rayo Vallecano,19868,Estadio Ciudad de Valencia,Javier Estrada,Match Report,
36,Sat,5/4/19,16:15 (10:15),Espanyol,1.3,3–0,1.1,Atlético Madrid,20207,RCDE Stadium,José Luis Munuera,Match Report,
36,Sat,5/4/19,18:30 (12:30),Alavés,0.8,0–1,0.7,Real Sociedad,18509,Estadio de Mendizorroza,Alberola Rojas,Match Report,
36,Sat,5/4/19,20:45 (14:45),Celta Vigo,1.9,2–0,0.5,Barcelona,22519,Estadio de Balaídos,José Sánchez,Match Report,
36,Sun,5/5/19,12:00 (06:00),Getafe,1.8,2–0,0.6,Girona,10615,Coliseum Alfonso Pérez,Alejandro Hernández,Match Report,
36,Sun,5/5/19,14:00 (08:00),Eibar,1.1,1–0,2.2,Betis,4725,Estadio Municipal de Ipurúa,Ignacio Iglesias,Match Report,
36,Sun,5/5/19,16:15 (10:15),Real Madrid,2.7,3–2,0.9,Villarreal,46294,Estadio Santiago Bernabéu,Jesús Gil,Match Report,
36,Sun,5/5/19,18:30 (12:30),Valladolid,0.5,1–0,1.2,Athletic Bilbao,21151,Estadio Municipal José Zorrilla,Antonio Matéu Lahoz,Match Report,
36,Sun,5/5/19,20:45 (14:45),Huesca,2.5,2–6,2.4,Valencia,6378,Estadio El Alcoraz,Carlos del Cerro,Match Report,
,,,,,,,,,,,,,
37,Sun,5/12/19,18:30 (12:30),Girona,1.7,1–2,0.6,Levante,13342,Estadi Municipal de Montilivi,Carlos del Cerro,Match Report,
37,Sun,5/12/19,18:30 (12:30),Betis,2.4,2–1,1.3,Huesca,28078,Estadio Benito Villamarín,Adrián Cordero,Match Report,
37,Sun,5/12/19,18:30 (12:30),Atlético Madrid,1.3,1–1,0.8,Sevilla,60234,Estadio Wanda Metropolitano,Ricardo de Burgos,Match Report,
37,Sun,5/12/19,18:30 (12:30),Athletic Bilbao,2.4,3–1,1,Celta Vigo,42494,San Mamés,Javier Estrada,Match Report,
37,Sun,5/12/19,18:30 (12:30),Valencia,1.2,3–1,0.8,Alavés,37744,Estadio de Mestalla,Guillermo Cuadra,Match Report,
37,Sun,5/12/19,18:30 (12:30),Leganés,0.9,0–2,2.6,Espanyol,10597,Estadio Municipal de Butarque,Mario Melero,Match Report,
37,Sun,5/12/19,18:30 (12:30),Rayo Vallecano,0.9,1–2,1.3,Valladolid,10040,Estadio del Rayo Vallecano,José Sánchez,Match Report,
37,Sun,5/12/19,18:30 (12:30),Real Sociedad,2.1,3–1,0.6,Real Madrid,27322,Estadio Municipal de Anoeta,Juan Martínez,Match Report,
37,Sun,5/12/19,18:30 (12:30),Villarreal,1.4,1–0,0.3,Eibar,17901,Estadio de la Cerámica,Pablo González,Match Report,
37,Sun,5/12/19,18:30 (12:30),Barcelona,2.4,2–0,1.1,Getafe,57088,Camp Nou,José González,Match Report,
,,,,,,,,,,,,,
38,Sat,5/18/19,13:00 (07:00),Levante,2.4,2–2,1.5,Atlético Madrid,20575,Estadio Ciudad de Valencia,Ignacio Iglesias,Match Report,
38,Sat,5/18/19,16:15 (10:15),Getafe,1.3,2–2,0.9,Villarreal,13579,Coliseum Alfonso Pérez,Javier Estrada,Match Report,
38,Sat,5/18/19,16:15 (10:15),Valladolid,0.9,0–2,1.8,Valencia,23455,Estadio Municipal José Zorrilla,Ricardo de Burgos,Match Report,
38,Sat,5/18/19,16:15 (10:15),Espanyol,1.1,2–0,0.5,Real Sociedad,26568,RCDE Stadium,Santiago Jaime,Match Report,
38,Sat,5/18/19,16:15 (10:15),Sevilla,1.8,2–0,0.7,Athletic Bilbao,28060,Estadio Ramón Sánchez Pizjuán,José Sánchez,Match Report,
38,Sat,5/18/19,20:45 (14:45),Alavés,1.2,2–1,0.9,Girona,11549,Estadio de Mendizorroza,Mario Melero,Match Report,
38,Sat,5/18/19,20:45 (14:45),Celta Vigo,2,2–2,1.1,Rayo Vallecano,21607,Estadio de Balaídos,Antonio Matéu Lahoz,Match Report,
38,Sat,5/18/19,20:45 (14:45),Huesca,0.9,2–1,0.6,Leganés,5575,Estadio El Alcoraz,Alberola Rojas,Match Report,
38,Sun,5/19/19,12:00 (06:00),Real Madrid,0.5,0–2,1.4,Betis,56900,Estadio Santiago Bernabéu,Alberto Undiano,Match Report,
38,Sun,5/19/19,16:15 (10:15),Eibar,1.4,2–2,1,Barcelona,5145,Estadio Municipal de Ipurúa,José Luis Munuera,Match Report,