Wk,Day,Date,Time,Home,xG,Score,xG,Away,Attendance,Venue,Referee
1,Fri,8/24/18,20:30 (14:30),Bayern Munich,2.8,3–1,0.7,Hoffenheim,75000,Allianz Arena,Bastian Dankert
1,Sat,8/25/18,15:30 (09:30),Werder Bremen,1.7,1–1,1.1,Hannover 96,42100,Weserstadion,Felix Brych
1,Sat,8/25/18,15:30 (09:30),Freiburg,2.1,0–2,1,Eint Frankfurt,24000,Schwarzwald-Stadion,Manuel Gräfe
1,Sat,8/25/18,15:30 (09:30),Wolfsburg,1.1,2–1,1.4,Schalke 04,26621,Volkswagen Arena,Patrick Ittrich
1,Sat,8/25/18,15:30 (09:30),Hertha BSC,1.3,1–0,1.3,Nürnberg,52729,Olympiastadion Berlin,Tobias Welz
1,Sat,8/25/18,15:30 (09:30),Düsseldorf,1.1,1–2,1.3,Augsburg,40996,Merkur Spielarena,Markus Schmidt
1,Sat,8/25/18,18:30 (12:30),M'gladbach,4,2–0,1.2,Bayer,53087,Stadion im Borussia-Park,Christian Dingert
1,Sun,8/26/18,15:30 (09:30),Mainz 05,1.2,1–0,1,Stuttgart,28705,Opel Arena,Daniel Siebert
1,Sun,8/26/18,18:00 (12:00),Dortmund,1,4–1,1.5,RB Leipzig,80365,Signal Iduna Park,Deniz Aytekin
,,,,,,,,,,,
2,Fri,8/31/18,20:30 (14:30),Hannover 96,0.9,0–0,0.6,Dortmund,49000,HDI-Arena,Felix Zwayer
2,Sat,9/1/18,15:30 (09:30),Augsburg,1.1,1–1,1.2,M'gladbach,29580,WWK Arena,Frank Willenborg
2,Sat,9/1/18,15:30 (09:30),Hoffenheim,3.5,3–1,2.9,Freiburg,28619,PreZero Arena,Robert Hartmann
2,Sat,9/1/18,15:30 (09:30),Bayer,1.4,1–3,1.1,Wolfsburg,26247,BayArena,Sven Jablonski
2,Sat,9/1/18,15:30 (09:30),Eint Frankfurt,1.1,1–2,1.8,Werder Bremen,50000,Commerzbank-Arena,Sören Storks
2,Sat,9/1/18,15:30 (09:30),Nürnberg,1,1–1,0.3,Mainz 05,37781,Max-Morlock-Stadion,Guido Winkmann
2,Sat,9/1/18,18:30 (12:30),Stuttgart,0.2,0–3,1.7,Bayern Munich,58680,Mercedes-Benz Arena,Harm Osmers
2,Sun,9/2/18,15:30 (09:30),RB Leipzig,1.7,1–1,1.1,Düsseldorf,34975,Red Bull Arena,Marco Fritz
2,Sun,9/2/18,18:00 (12:00),Schalke 04,1.8,0–2,0.5,Hertha BSC,60181,Veltins-Arena,Sascha Stegemann
,,,,,,,,,,,
3,Fri,9/14/18,20:30 (14:30),Dortmund,1,3–1,0.3,Eint Frankfurt,81000,Signal Iduna Park,Benjamin Cortus
3,Sat,9/15/18,15:30 (09:30),RB Leipzig,2.2,3–2,1.2,Hannover 96,38937,Red Bull Arena,Robert Kampka
3,Sat,9/15/18,15:30 (09:30),Bayern Munich,1.2,3–1,0.8,Bayer,75000,Allianz Arena,Tobias Welz
3,Sat,9/15/18,15:30 (09:30),Düsseldorf,1.5,2–1,2.1,Hoffenheim,40111,Merkur Spielarena,Tobias Stieler
3,Sat,9/15/18,15:30 (09:30),Mainz 05,2.7,2–1,0.8,Augsburg,21105,Opel Arena,Martin Petersen
3,Sat,9/15/18,15:30 (09:30),Wolfsburg,1.8,2–2,0.8,Hertha BSC,25090,Volkswagen Arena,Christian Dingert
3,Sat,9/15/18,18:30 (12:30),M'gladbach,1.3,2–1,1.6,Schalke 04,54022,Stadion im Borussia-Park,Manuel Gräfe
3,Sun,9/16/18,15:30 (09:30),Werder Bremen,0.8,1–1,1.1,Nürnberg,42100,Weserstadion,Daniel Schlager
3,Sun,9/16/18,18:00 (12:00),Freiburg,1,3–3,1,Stuttgart,24000,Schwarzwald-Stadion,Deniz Aytekin
,,,,,,,,,,,
4,Fri,9/21/18,20:30 (14:30),Stuttgart,1.4,0–0,1.1,Düsseldorf,54410,Mercedes-Benz Arena,Robert Hartmann
4,Sat,9/22/18,15:30 (09:30),Hertha BSC,2.8,4–2,2.2,M'gladbach,51852,Olympiastadion Berlin,Markus Schmidt
4,Sat,9/22/18,15:30 (09:30),Hoffenheim,2.1,1–1,1.3,Dortmund,30150,PreZero Arena,Harm Osmers
4,Sat,9/22/18,15:30 (09:30),Wolfsburg,0.8,1–3,1.9,Freiburg,23011,Volkswagen Arena,Sascha Stegemann
4,Sat,9/22/18,15:30 (09:30),Augsburg,2.2,2–3,1.4,Werder Bremen,28434,WWK Arena,Felix Zwayer
4,Sat,9/22/18,15:30 (09:30),Nürnberg,1.1,2–0,0.6,Hannover 96,36736,Max-Morlock-Stadion,Bastian Dankert
4,Sat,9/22/18,18:30 (12:30),Schalke 04,0.4,0–2,2.5,Bayern Munich,62271,Veltins-Arena,Daniel Siebert
4,Sun,9/23/18,15:30 (09:30),Bayer,1.3,1–0,0.8,Mainz 05,27473,BayArena,Marco Fritz
4,Sun,9/23/18,18:00 (12:00),Eint Frankfurt,1.7,1–1,1.4,RB Leipzig,43800,Commerzbank-Arena,Felix Brych
,,,,,,,,,,,
5,Tue,9/25/18,18:30 (12:30),Werder Bremen,2.6,3–1,1,Hertha BSC,39100,Weserstadion,Guido Winkmann
5,Tue,9/25/18,20:30 (14:30),Freiburg,1.3,1–0,0.8,Schalke 04,24000,Schwarzwald-Stadion,Frank Willenborg
5,Tue,9/25/18,20:30 (14:30),Hannover 96,1.8,1–3,1.8,Hoffenheim,33500,HDI-Arena,Christian Dingert
5,Tue,9/25/18,20:30 (14:30),Bayern Munich,1.8,1–1,1.3,Augsburg,75000,Allianz Arena,Sören Storks
5,Wed,9/26/18,18:30 (12:30),Düsseldorf,2.2,1–2,1.5,Bayer,40046,Merkur Spielarena,Manuel Gräfe
5,Wed,9/26/18,20:30 (14:30),Dortmund,1.9,7–0,0.2,Nürnberg,75700,Signal Iduna Park,Patrick Ittrich
5,Wed,9/26/18,20:30 (14:30),Mainz 05,0.4,0–0,1,Wolfsburg,19205,Opel Arena,Tobias Stieler
5,Wed,9/26/18,20:30 (14:30),RB Leipzig,3,2–0,0.7,Stuttgart,32187,Red Bull Arena,Robert Schröder
5,Wed,9/26/18,20:30 (14:30),M'gladbach,1.7,3–1,1.3,Eint Frankfurt,41257,Stadion im Borussia-Park,Sven Jablonski
,,,,,,,,,,,
6,Fri,9/28/18,20:30 (14:30),Hertha BSC,1.1,2–0,1.8,Bayern Munich,74669,Olympiastadion Berlin,Marco Fritz
6,Sat,9/29/18,15:30 (09:30),Stuttgart,2.6,2–1,1.5,Werder Bremen,58569,Mercedes-Benz Arena,Tobias Welz
6,Sat,9/29/18,15:30 (09:30),Nürnberg,2.2,3–0,1.2,Düsseldorf,36102,Max-Morlock-Stadion,Harm Osmers
6,Sat,9/29/18,15:30 (09:30),Wolfsburg,1.1,2–2,0.9,M'gladbach,24100,Volkswagen Arena,Felix Zwayer
6,Sat,9/29/18,15:30 (09:30),Hoffenheim,1.7,1–2,1.5,RB Leipzig,28115,PreZero Arena,Deniz Aytekin
6,Sat,9/29/18,15:30 (09:30),Schalke 04,1,1–0,0.8,Mainz 05,61810,Veltins-Arena,Benjamin Cortus
6,Sat,9/29/18,18:30 (12:30),Bayer,1,2–4,2.6,Dortmund,30210,BayArena,Felix Brych
6,Sun,9/30/18,15:30 (09:30),Eint Frankfurt,2.2,4–1,0.3,Hannover 96,46300,Commerzbank-Arena,Robert Hartmann
6,Sun,9/30/18,18:00 (12:00),Augsburg,3.7,4–1,1.4,Freiburg,26488,WWK Arena,Robert Kampka
,,,,,,,,,,,
7,Fri,10/5/18,20:30 (14:30),Werder Bremen,0.9,2–0,0.5,Wolfsburg,42100,Weserstadion,Martin Petersen
7,Sat,10/6/18,15:30 (09:30),Dortmund,1.9,4–3,2,Augsburg,81365,Signal Iduna Park,Markus Schmidt
7,Sat,10/6/18,15:30 (09:30),Hannover 96,1.6,3–1,0.9,Stuttgart,40800,HDI-Arena,Sascha Stegemann
7,Sat,10/6/18,15:30 (09:30),Düsseldorf,0.7,0–2,1.4,Schalke 04,52000,Merkur Spielarena,Sven Jablonski
7,Sat,10/6/18,15:30 (09:30),Mainz 05,2,0–0,1.5,Hertha BSC,22405,Opel Arena,Daniel Schlager
7,Sat,10/6/18,18:30 (12:30),Bayern Munich,1.5,0–3,0.5,M'gladbach,75000,Allianz Arena,Frank Willenborg
7,Sun,10/7/18,13:30 (07:30),Freiburg,0.3,0–0,1.1,Bayer,23800,Schwarzwald-Stadion,Bastian Dankert
7,Sun,10/7/18,15:30 (09:30),Hoffenheim,2.2,1–2,0.9,Eint Frankfurt,29785,PreZero Arena,Daniel Siebert
7,Sun,10/7/18,18:00 (12:00),RB Leipzig,2.2,6–0,0.2,Nürnberg,37389,Red Bull Arena,Tobias Stieler
,,,,,,,,,,,
8,Fri,10/19/18,20:30 (14:30),Eint Frankfurt,3.4,7–1,0.9,Düsseldorf,51000,Commerzbank-Arena,Deniz Aytekin
8,Sat,10/20/18,15:30 (09:30),Stuttgart,1.1,0–4,1.2,Dortmund,59000,Mercedes-Benz Arena,Manuel Gräfe
8,Sat,10/20/18,15:30 (09:30),Wolfsburg,1.3,1–3,2.6,Bayern Munich,30000,Volkswagen Arena,Guido Winkmann
8,Sat,10/20/18,15:30 (09:30),Bayer,2.1,2–2,0.6,Hannover 96,26435,BayArena,Patrick Ittrich
8,Sat,10/20/18,15:30 (09:30),Augsburg,0.2,0–0,0.9,RB Leipzig,28703,WWK Arena,Tobias Welz
8,Sat,10/20/18,15:30 (09:30),Nürnberg,1.3,1–3,1.9,Hoffenheim,36472,Max-Morlock-Stadion,Felix Zwayer
8,Sat,10/20/18,18:30 (12:30),Schalke 04,1.3,0–2,0.4,Werder Bremen,62271,Veltins-Arena,Christian Dingert
8,Sun,10/21/18,15:30 (09:30),Hertha BSC,1,1–1,0.7,Freiburg,53716,Olympiastadion Berlin,Benjamin Cortus
8,Sun,10/21/18,18:00 (12:00),M'gladbach,2.4,4–0,1.4,Mainz 05,51123,Stadion im Borussia-Park,Sören Storks
,,,,,,,,,,,
9,Fri,10/26/18,20:30 (14:30),Freiburg,1.6,3–1,1.2,M'gladbach,24000,Schwarzwald-Stadion,Robert Hartmann
9,Sat,10/27/18,15:30 (09:30),Hannover 96,0.7,1–2,1.6,Augsburg,37600,HDI-Arena,Robert Kampka
9,Sat,10/27/18,15:30 (09:30),Dortmund,3.6,2–2,2.2,Hertha BSC,81000,Signal Iduna Park,Sascha Stegemann
9,Sat,10/27/18,15:30 (09:30),Düsseldorf,0.5,0–3,1.9,Wolfsburg,38043,Merkur Spielarena,Daniel Schlager
9,Sat,10/27/18,15:30 (09:30),Mainz 05,0.3,1–2,1.9,Bayern Munich,33305,Opel Arena,Harm Osmers
9,Sat,10/27/18,18:30 (12:30),Hoffenheim,2.8,4–0,0.6,Stuttgart,30150,PreZero Arena,Frank Willenborg
9,Sun,10/28/18,13:30 (08:30),Nürnberg,1.2,1–1,1.4,Eint Frankfurt,42154,Max-Morlock-Stadion,Robert Schröder
9,Sun,10/28/18,15:30 (10:30),RB Leipzig,0.6,0–0,0.4,Schalke 04,41939,Red Bull Arena,Felix Brych
9,Sun,10/28/18,18:00 (13:00),Werder Bremen,1.8,2–6,3.9,Bayer,40400,Weserstadion,Marco Fritz
,,,,,,,,,,,
10,Fri,11/2/18,20:30 (15:30),Stuttgart,1,0–3,3.2,Eint Frankfurt,58016,Mercedes-Benz Arena,Sven Jablonski
10,Sat,11/3/18,15:30 (10:30),Bayer,1.6,1–4,1.7,Hoffenheim,27589,BayArena,Tobias Stieler
10,Sat,11/3/18,15:30 (10:30),Augsburg,1.6,2–2,1.3,Nürnberg,30660,WWK Arena,Patrick Ittrich
10,Sat,11/3/18,15:30 (10:30),Wolfsburg,0.6,0–1,1.4,Dortmund,30000,Volkswagen Arena,Daniel Siebert
10,Sat,11/3/18,15:30 (10:30),Bayern Munich,1.9,1–1,0.4,Freiburg,75000,Allianz Arena,Felix Zwayer
10,Sat,11/3/18,15:30 (10:30),Schalke 04,2.8,3–1,1.9,Hannover 96,61959,Veltins-Arena,Markus Schmidt
10,Sat,11/3/18,18:30 (13:30),Hertha BSC,1.3,0–3,3.4,RB Leipzig,50382,Olympiastadion Berlin,Deniz Aytekin
10,Sun,11/4/18,15:30 (09:30),M'gladbach,3.4,3–0,0.7,Düsseldorf,54022,Stadion im Borussia-Park,Felix Brych
10,Sun,11/4/18,18:00 (12:00),Mainz 05,0.8,2–1,1.5,Werder Bremen,25105,Opel Arena,Guido Winkmann
,,,,,,,,,,,
11,Fri,11/9/18,20:30 (14:30),Hannover 96,2,2–1,2.9,Wolfsburg,35800,HDI-Arena,Marco Fritz
11,Sat,11/10/18,15:30 (09:30),Düsseldorf,2.7,4–1,0.8,Hertha BSC,38743,Merkur Spielarena,Robert Hartmann
11,Sat,11/10/18,15:30 (09:30),Nürnberg,0.6,0–2,1.6,Stuttgart,50000,Max-Morlock-Stadion,Christian Dingert
11,Sat,11/10/18,15:30 (09:30),Freiburg,1.1,1–3,1,Mainz 05,24000,Schwarzwald-Stadion,Sascha Stegemann
11,Sat,11/10/18,15:30 (09:30),Hoffenheim,2.2,2–1,1.3,Augsburg,27009,PreZero Arena,Robert Schröder
11,Sat,11/10/18,15:30 (09:30),Werder Bremen,1.5,1–3,1.9,M'gladbach,42100,Weserstadion,Sören Storks
11,Sat,11/10/18,18:30 (12:30),Dortmund,2.4,3–2,2,Bayern Munich,81365,Signal Iduna Park,Manuel Gräfe
11,Sun,11/11/18,15:30 (09:30),RB Leipzig,2,3–0,0.3,Bayer,36155,Red Bull Arena,Martin Petersen
11,Sun,11/11/18,18:00 (12:00),Eint Frankfurt,1.6,3–0,0.8,Schalke 04,50700,Commerzbank-Arena,Benjamin Cortus
,,,,,,,,,,,
12,Fri,11/23/18,20:30 (14:30),Bayer,2.8,2–0,0.6,Stuttgart,24632,BayArena,Robert Schröder
12,Sat,11/24/18,15:30 (09:30),Wolfsburg,1.5,1–0,0.5,RB Leipzig,22832,Volkswagen Arena,Tobias Stieler
12,Sat,11/24/18,15:30 (09:30),Mainz 05,0.9,1–2,1.2,Dortmund,33305,Opel Arena,Deniz Aytekin
12,Sat,11/24/18,15:30 (09:30),Hertha BSC,3.2,3–3,1.6,Hoffenheim,44508,Olympiastadion Berlin,Tobias Welz
12,Sat,11/24/18,15:30 (09:30),Augsburg,2.3,1–3,3.5,Eint Frankfurt,30660,WWK Arena,Felix Zwayer
12,Sat,11/24/18,15:30 (09:30),Bayern Munich,2.5,3–3,1.6,Düsseldorf,75000,Allianz Arena,Sven Jablonski
12,Sat,11/24/18,18:30 (12:30),Schalke 04,2.7,5–2,2.3,Nürnberg,62271,Veltins-Arena,Guido Winkmann
12,Sun,11/25/18,15:30 (09:30),Freiburg,2.8,1–1,2.2,Werder Bremen,24000,Schwarzwald-Stadion,Bastian Dankert
12,Sun,11/25/18,18:00 (12:00),M'gladbach,1.5,4–1,0.6,Hannover 96,48692,Stadion im Borussia-Park,Daniel Siebert
,,,,,,,,,,,
13,Fri,11/30/18,20:30 (14:30),Düsseldorf,1.4,0–1,1,Mainz 05,37091,Merkur Spielarena,Manuel Gräfe
13,Sat,12/1/18,15:30 (09:30),Werder Bremen,0.6,1–2,2.5,Bayern Munich,42100,Weserstadion,Christian Dingert
13,Sat,12/1/18,15:30 (09:30),Dortmund,2.3,2–0,0.1,Freiburg,81365,Signal Iduna Park,Frank Willenborg
13,Sat,12/1/18,15:30 (09:30),Hannover 96,1,0–2,1.4,Hertha BSC,35800,HDI-Arena,Felix Brych
13,Sat,12/1/18,15:30 (09:30),Stuttgart,0.6,1–0,1,Augsburg,52739,Mercedes-Benz Arena,Harm Osmers
13,Sat,12/1/18,18:30 (12:30),Hoffenheim,2.1,1–1,2.1,Schalke 04,30000,PreZero Arena,Robert Kampka
13,Sun,12/2/18,15:30 (09:30),RB Leipzig,2.3,2–0,0.7,M'gladbach,41939,Red Bull Arena,Markus Schmidt
13,Sun,12/2/18,18:00 (12:00),Eint Frankfurt,1.8,1–2,1,Wolfsburg,48000,Commerzbank-Arena,Sascha Stegemann
13,Mon,12/3/18,20:30 (14:30),Nürnberg,0.7,1–1,1.4,Bayer,32238,Max-Morlock-Stadion,Bibiana Steinhaus
,,,,,,,,,,,
14,Fri,12/7/18,20:30 (14:30),Werder Bremen,1.8,3–1,1.2,Düsseldorf,41500,Weserstadion,Marco Fritz
14,Sat,12/8/18,15:30 (09:30),Freiburg,1.9,3–0,1,RB Leipzig,23800,Schwarzwald-Stadion,Tobias Welz
14,Sat,12/8/18,15:30 (09:30),Wolfsburg,0.5,2–2,1.8,Hoffenheim,20602,Volkswagen Arena,Felix Zwayer
14,Sat,12/8/18,15:30 (09:30),Schalke 04,1.5,1–2,1.4,Dortmund,61767,Veltins-Arena,Daniel Siebert
14,Sat,12/8/18,15:30 (09:30),Bayern Munich,2,3–0,0.2,Nürnberg,75000,Allianz Arena,Tobias Stieler
14,Sat,12/8/18,15:30 (09:30),Bayer,1.8,1–0,0.8,Augsburg,25558,BayArena,Bastian Dankert
14,Sat,12/8/18,18:30 (12:30),Hertha BSC,0.4,1–0,1.3,Eint Frankfurt,42578,Olympiastadion Berlin,Daniel Schlager
14,Sun,12/9/18,15:30 (09:30),Mainz 05,2.6,1–1,1.5,Hannover 96,23305,Opel Arena,Robert Hartmann
14,Sun,12/9/18,18:00 (12:00),M'gladbach,1.2,3–0,1,Stuttgart,48590,Stadion im Borussia-Park,Deniz Aytekin
,,,,,,,,,,,
15,Fri,12/14/18,20:30 (14:30),Nürnberg,0.8,0–2,0.8,Wolfsburg,29604,Max-Morlock-Stadion,Sven Jablonski
15,Sat,12/15/18,15:30 (09:30),Stuttgart,1,2–1,1,Hertha BSC,47680,Mercedes-Benz Arena,Sascha Stegemann
15,Sat,12/15/18,15:30 (09:30),Augsburg,1.9,1–1,0.6,Schalke 04,27233,WWK Arena,Manuel Gräfe
15,Sat,12/15/18,15:30 (09:30),Düsseldorf,2.1,2–0,0.8,Freiburg,39301,Merkur Spielarena,Harm Osmers
15,Sat,12/15/18,15:30 (09:30),Hannover 96,0.1,0–4,3.4,Bayern Munich,49000,HDI-Arena,Sören Storks
15,Sat,12/15/18,15:30 (09:30),Hoffenheim,2.7,0–0,0.5,M'gladbach,30150,PreZero Arena,Benjamin Cortus
15,Sat,12/15/18,18:30 (12:30),Dortmund,2.3,2–1,0.4,Werder Bremen,81365,Signal Iduna Park,Guido Winkmann
15,Sun,12/16/18,15:30 (09:30),RB Leipzig,2.8,4–1,0.9,Mainz 05,30136,Red Bull Arena,Martin Petersen
15,Sun,12/16/18,18:00 (12:00),Eint Frankfurt,3.6,2–1,1,Bayer,46500,Commerzbank-Arena,Felix Brych
,,,,,,,,,,,
16,Tue,12/18/18,18:30 (12:30),M'gladbach,2.8,2–0,0.8,Nürnberg,42323,Stadion im Borussia-Park,Robert Schröder
16,Tue,12/18/18,20:30 (14:30),Hertha BSC,1.9,2–2,0.7,Augsburg,27939,Olympiastadion Berlin,Frank Willenborg
16,Tue,12/18/18,20:30 (14:30),Wolfsburg,1.2,2–0,0.6,Stuttgart,21780,Volkswagen Arena,Robert Hartmann
16,Tue,12/18/18,20:30 (14:30),Düsseldorf,1.4,2–1,0.8,Dortmund,52000,Merkur Spielarena,Tobias Welz
16,Wed,12/19/18,18:30 (12:30),Schalke 04,1.7,1–2,0.6,Bayer,61548,Veltins-Arena,Deniz Aytekin
16,Wed,12/19/18,20:30 (14:30),Bayern Munich,1.6,1–0,0.4,RB Leipzig,75000,Allianz Arena,Marco Fritz
16,Wed,12/19/18,20:30 (14:30),Mainz 05,1.5,2–2,1.1,Eint Frankfurt,30805,Opel Arena,Daniel Siebert
16,Wed,12/19/18,20:30 (14:30),Freiburg,1.8,1–1,1.6,Hannover 96,23500,Schwarzwald-Stadion,Christian Dingert
16,Wed,12/19/18,20:30 (14:30),Werder Bremen,2.5,1–1,1.3,Hoffenheim,40003,Weserstadion,Markus Schmidt
,,,,,,,,,,,
17,Fri,12/21/18,20:30 (14:30),Dortmund,1.7,2–1,0.6,M'gladbach,81365,Signal Iduna Park,Felix Zwayer
17,Sat,12/22/18,15:30 (09:30),Stuttgart,1.5,1–3,2.2,Schalke 04,54022,Mercedes-Benz Arena,Felix Brych
17,Sat,12/22/18,15:30 (09:30),Nürnberg,0.8,0–1,0.4,Freiburg,36190,Max-Morlock-Stadion,Robert Kampka
17,Sat,12/22/18,15:30 (09:30),RB Leipzig,2,3–2,2,Werder Bremen,40455,Red Bull Arena,Bibiana Steinhaus
17,Sat,12/22/18,15:30 (09:30),Hannover 96,0.6,0–1,1.1,Düsseldorf,34200,HDI-Arena,Bastian Dankert
17,Sat,12/22/18,15:30 (09:30),Bayer,2.2,3–1,1.4,Hertha BSC,27647,BayArena,Tobias Stieler
17,Sat,12/22/18,18:30 (12:30),Eint Frankfurt,1.1,0–3,1.9,Bayern Munich,51500,Commerzbank-Arena,Manuel Gräfe
17,Sun,12/23/18,15:30 (09:30),Augsburg,0.8,2–3,2.2,Wolfsburg,28152,WWK Arena,Sören Storks
17,Sun,12/23/18,18:00 (12:00),Hoffenheim,2.6,1–1,1.1,Mainz 05,28216,PreZero Arena,Sascha Stegemann
,,,,,,,,,,,
18,Fri,1/18/19,20:30 (14:30),Hoffenheim,1.2,1–3,2.9,Bayern Munich,30150,PreZero Arena,Tobias Welz
18,Sat,1/19/19,15:30 (09:30),Bayer,1.8,0–1,0.6,M'gladbach,29628,BayArena,Daniel Siebert
18,Sat,1/19/19,15:30 (09:30),Hannover 96,0.9,0–1,2.6,Werder Bremen,44300,HDI-Arena,Marco Fritz
18,Sat,1/19/19,15:30 (09:30),Augsburg,0.8,1–2,1,Düsseldorf,27568,WWK Arena,Christian Dingert
18,Sat,1/19/19,15:30 (09:30),Stuttgart,2.9,2–3,1.6,Mainz 05,51881,Mercedes-Benz Arena,Tobias Stieler
18,Sat,1/19/19,15:30 (09:30),Eint Frankfurt,2.5,3–1,1.6,Freiburg,49200,Commerzbank-Arena,Sven Jablonski
18,Sat,1/19/19,18:30 (12:30),RB Leipzig,1.2,0–1,0.9,Dortmund,41939,Red Bull Arena,Deniz Aytekin
18,Sun,1/20/19,15:30 (09:30),Nürnberg,1,1–3,2,Hertha BSC,36112,Max-Morlock-Stadion,Guido Winkmann
18,Sun,1/20/19,18:00 (12:00),Schalke 04,2.4,2–1,1.4,Wolfsburg,58827,Veltins-Arena,Manuel Gräfe
,,,,,,,,,,,
19,Fri,1/25/19,20:30 (14:30),Hertha BSC,0.9,2–2,1,Schalke 04,43027,Olympiastadion Berlin,Felix Brych
19,Sat,1/26/19,15:30 (09:30),Dortmund,2.1,5–1,0.8,Hannover 96,81365,Signal Iduna Park,Manuel Gräfe
19,Sat,1/26/19,15:30 (09:30),Mainz 05,2.9,2–1,0.5,Nürnberg,22005,Opel Arena,Bastian Dankert
19,Sat,1/26/19,15:30 (09:30),Freiburg,2.1,2–4,2.3,Hoffenheim,23900,Schwarzwald-Stadion,Bibiana Steinhaus
19,Sat,1/26/19,15:30 (09:30),Wolfsburg,0.7,0–3,3.1,Bayer,21736,Volkswagen Arena,Felix Zwayer
19,Sat,1/26/19,15:30 (09:30),M'gladbach,1.9,2–0,0.7,Augsburg,42509,Stadion im Borussia-Park,Harm Osmers
19,Sat,1/26/19,18:30 (12:30),Werder Bremen,3.2,2–2,1.5,Eint Frankfurt,42100,Weserstadion,Markus Schmidt
19,Sun,1/27/19,15:30 (09:30),Bayern Munich,2.3,4–1,0.8,Stuttgart,75000,Allianz Arena,Frank Willenborg
19,Sun,1/27/19,18:00 (12:00),Düsseldorf,0.4,0–4,2.4,RB Leipzig,34394,Merkur Spielarena,Robert Hartmann
,,,,,,,,,,,
20,Fri,2/1/19,20:30 (14:30),Hannover 96,0.1,0–3,3.3,RB Leipzig,32400,HDI-Arena,Daniel Schlager
20,Sat,2/2/19,15:30 (09:30),Hertha BSC,1.4,0–1,1.3,Wolfsburg,39259,Olympiastadion Berlin,Bastian Dankert
20,Sat,2/2/19,15:30 (09:30),Eint Frankfurt,1,1–1,1.4,Dortmund,51500,Commerzbank-Arena,Felix Zwayer
20,Sat,2/2/19,15:30 (09:30),Nürnberg,1.1,1–1,1,Werder Bremen,35753,Max-Morlock-Stadion,Robert Kampka
20,Sat,2/2/19,15:30 (09:30),Bayer,1.6,3–1,1.6,Bayern Munich,30210,BayArena,Tobias Stieler
20,Sat,2/2/19,15:30 (09:30),Hoffenheim,1.6,1–1,0.8,Düsseldorf,24747,PreZero Arena,Benjamin Cortus
20,Sat,2/2/19,18:30 (12:30),Schalke 04,0.4,0–2,1.6,M'gladbach,62271,Veltins-Arena,Marco Fritz
20,Sun,2/3/19,15:30 (09:30),Augsburg,3.2,3–0,0.2,Mainz 05,25733,WWK Arena,Sören Storks
20,Sun,2/3/19,18:00 (12:00),Stuttgart,1.2,2–2,1.9,Freiburg,51009,Mercedes-Benz Arena,Deniz Aytekin
,,,,,,,,,,,
21,Fri,2/8/19,20:30 (14:30),Mainz 05,1.7,1–5,2.7,Bayer,21905,Opel Arena,Robert Schröder
21,Sat,2/9/19,15:30 (09:30),RB Leipzig,1.9,0–0,0.4,Eint Frankfurt,38330,Red Bull Arena,Guido Winkmann
21,Sat,2/9/19,15:30 (09:30),Freiburg,1.1,3–3,1.7,Wolfsburg,23600,Schwarzwald-Stadion,Felix Brych
21,Sat,2/9/19,15:30 (09:30),Dortmund,2.5,3–3,1.4,Hoffenheim,81365,Signal Iduna Park,Marco Fritz
21,Sat,2/9/19,15:30 (09:30),M'gladbach,1.1,0–3,1.6,Hertha BSC,48232,Stadion im Borussia-Park,Martin Petersen
21,Sat,2/9/19,15:30 (09:30),Hannover 96,1.7,2–0,1.1,Nürnberg,33700,HDI-Arena,Tobias Welz
21,Sat,2/9/19,18:30 (12:30),Bayern Munich,1.8,3–1,0.8,Schalke 04,75000,Allianz Arena,Daniel Siebert
21,Sun,2/10/19,15:30 (09:30),Werder Bremen,1.3,4–0,1.2,Augsburg,40138,Weserstadion,Manuel Gräfe
21,Sun,2/10/19,18:00 (12:00),Düsseldorf,1.7,3–0,1.3,Stuttgart,40211,Merkur Spielarena,Christian Dingert
,,,,,,,,,,,
22,Fri,2/15/19,20:30 (14:30),Augsburg,0.5,2–3,1.7,Bayern Munich,30660,WWK Arena,Bibiana Steinhaus
22,Sat,2/16/19,15:30 (09:30),Schalke 04,0.4,0–0,0.9,Freiburg,58271,Veltins-Arena,Frank Willenborg
22,Sat,2/16/19,15:30 (09:30),Wolfsburg,2,3–0,0.8,Mainz 05,20334,Volkswagen Arena,Benjamin Cortus
22,Sat,2/16/19,15:30 (09:30),Stuttgart,1.2,1–3,1.2,RB Leipzig,46072,Mercedes-Benz Arena,Felix Zwayer
22,Sat,2/16/19,15:30 (09:30),Hoffenheim,3.1,3–0,0.3,Hannover 96,23404,PreZero Arena,Daniel Siebert
22,Sat,2/16/19,18:30 (12:30),Hertha BSC,1.4,1–1,0.5,Werder Bremen,49627,Olympiastadion Berlin,Sören Storks
22,Sun,2/17/19,15:30 (09:30),Eint Frankfurt,1,1–1,1.2,M'gladbach,51500,Commerzbank-Arena,Deniz Aytekin
22,Sun,2/17/19,18:00 (12:00),Bayer,1.6,2–0,0.2,Düsseldorf,27717,BayArena,Markus Schmidt
22,Mon,2/18/19,20:30 (14:30),Nürnberg,0.3,0–0,1.2,Dortmund,50000,Max-Morlock-Stadion,Harm Osmers
,,,,,,,,,,,
23,Fri,2/22/19,20:30 (14:30),Werder Bremen,1,1–1,0.9,Stuttgart,41000,Weserstadion,Robert Hartmann
23,Sat,2/23/19,15:30 (09:30),Mainz 05,2.7,3–0,0.6,Schalke 04,26005,Opel Arena,Sven Jablonski
23,Sat,2/23/19,15:30 (09:30),Freiburg,1.9,5–1,1.4,Augsburg,23600,Schwarzwald-Stadion,Tobias Welz
23,Sat,2/23/19,15:30 (09:30),M'gladbach,1.3,0–3,0.8,Wolfsburg,48041,Stadion im Borussia-Park,Robert Kampka
23,Sat,2/23/19,15:30 (09:30),Bayern Munich,0.7,1–0,0.5,Hertha BSC,75000,Allianz Arena,Harm Osmers
23,Sat,2/23/19,18:30 (12:30),Düsseldorf,1.4,2–1,0.2,Nürnberg,41816,Merkur Spielarena,Sascha Stegemann
23,Sun,2/24/19,15:30 (09:30),Hannover 96,0.5,0–3,2,Eint Frankfurt,39100,HDI-Arena,Marco Fritz
23,Sun,2/24/19,18:00 (12:00),Dortmund,1.2,3–2,0.9,Bayer,81029,Signal Iduna Park,Christian Dingert
23,Mon,2/25/19,20:30 (14:30),RB Leipzig,1.3,1–1,1.2,Hoffenheim,33569,Red Bull Arena,Felix Brych
,,,,,,,,,,,
24,Fri,3/1/19,20:30 (14:30),Augsburg,0.9,2–1,2.2,Dortmund,30660,WWK Arena,Tobias Stieler
24,Sat,3/2/19,15:30 (09:30),Hertha BSC,1.3,2–1,0.6,Mainz 05,33981,Olympiastadion Berlin,Deniz Aytekin
24,Sat,3/2/19,15:30 (09:30),Nürnberg,1.1,0–1,1.3,RB Leipzig,34532,Max-Morlock-Stadion,Daniel Schlager
24,Sat,3/2/19,15:30 (09:30),Bayer,2.2,2–0,0.3,Freiburg,26607,BayArena,Guido Winkmann
24,Sat,3/2/19,15:30 (09:30),Eint Frankfurt,1.5,3–2,1.9,Hoffenheim,49500,Commerzbank-Arena,Manuel Gräfe
24,Sat,3/2/19,15:30 (09:30),Schalke 04,0.7,0–4,2.1,Düsseldorf,60322,Veltins-Arena,Felix Brych
24,Sat,3/2/19,18:30 (12:30),M'gladbach,0.7,1–5,4.6,Bayern Munich,54022,Stadion im Borussia-Park,Felix Zwayer
24,Sun,3/3/19,15:30 (09:30),Stuttgart,2,5–1,0.1,Hannover 96,55781,Mercedes-Benz Arena,Bastian Dankert
24,Sun,3/3/19,18:00 (12:00),Wolfsburg,1.2,1–1,1.5,Werder Bremen,28101,Volkswagen Arena,Daniel Siebert
,,,,,,,,,,,
25,Fri,3/8/19,20:30 (14:30),Werder Bremen,2.4,4–2,1.2,Schalke 04,42100,Weserstadion,Martin Petersen
25,Sat,3/9/19,15:30 (09:30),Freiburg,1.4,2–1,1.2,Hertha BSC,24000,Schwarzwald-Stadion,Robert Schröder
25,Sat,3/9/19,15:30 (09:30),Dortmund,2.1,3–1,0.7,Stuttgart,81365,Signal Iduna Park,Benjamin Cortus
25,Sat,3/9/19,15:30 (09:30),RB Leipzig,1.2,0–0,0.2,Augsburg,38590,Red Bull Arena,Sven Jablonski
25,Sat,3/9/19,15:30 (09:30),Bayern Munich,3.1,6–0,0.2,Wolfsburg,75000,Allianz Arena,Sascha Stegemann
25,Sat,3/9/19,18:30 (12:30),Mainz 05,0.6,0–1,1.5,M'gladbach,30405,Opel Arena,Markus Schmidt
25,Sun,3/10/19,15:30 (10:30),Hoffenheim,2.1,2–1,0.6,Nürnberg,29015,PreZero Arena,Christian Dingert
25,Sun,3/10/19,18:00 (13:00),Hannover 96,1.1,2–3,2.2,Bayer,33800,HDI-Arena,Sören Storks
25,Mon,3/11/19,20:30 (15:30),Düsseldorf,0.7,0–3,2,Eint Frankfurt,41419,Merkur Spielarena,Robert Hartmann
,,,,,,,,,,,
26,Fri,3/15/19,20:30 (15:30),M'gladbach,1.5,1–1,0.5,Freiburg,46832,Stadion im Borussia-Park,Robert Kampka
26,Sat,3/16/19,15:30 (10:30),Stuttgart,1,1–1,2.2,Hoffenheim,56743,Mercedes-Benz Arena,Felix Zwayer
26,Sat,3/16/19,15:30 (10:30),Wolfsburg,4,5–2,1.2,Düsseldorf,25350,Volkswagen Arena,Bastian Dankert
26,Sat,3/16/19,15:30 (10:30),Schalke 04,1.3,0–1,1.3,RB Leipzig,59913,Veltins-Arena,Guido Winkmann
26,Sat,3/16/19,15:30 (10:30),Augsburg,0.9,3–1,1.4,Hannover 96,28136,WWK Arena,Manuel Gräfe
26,Sat,3/16/19,18:30 (13:30),Hertha BSC,1.6,2–3,2.8,Dortmund,74649,Olympiastadion Berlin,Tobias Welz
26,Sun,3/17/19,13:30 (08:30),Bayer,1.5,1–3,1,Werder Bremen,30210,BayArena,Deniz Aytekin
26,Sun,3/17/19,15:30 (10:30),Eint Frankfurt,2.7,1–0,0.5,Nürnberg,51500,Commerzbank-Arena,Bibiana Steinhaus
26,Sun,3/17/19,18:00 (13:00),Bayern Munich,2.1,6–0,0.3,Mainz 05,75000,Allianz Arena,Frank Willenborg
,,,,,,,,,,,
27,Fri,3/29/19,20:30 (15:30),Hoffenheim,1.8,4–1,2,Bayer,28350,PreZero Arena,Harm Osmers
27,Sat,3/30/19,15:30 (10:30),Düsseldorf,1.4,3–1,0.9,M'gladbach,52500,Merkur Spielarena,Tobias Stieler
27,Sat,3/30/19,15:30 (10:30),Freiburg,0.8,1–1,2.2,Bayern Munich,24000,Schwarzwald-Stadion,Christian Dingert
27,Sat,3/30/19,15:30 (10:30),Werder Bremen,1.3,3–1,0.9,Mainz 05,40711,Weserstadion,Marco Fritz
27,Sat,3/30/19,15:30 (10:30),Nürnberg,1.1,3–0,0.9,Augsburg,42658,Max-Morlock-Stadion,Daniel Siebert
27,Sat,3/30/19,15:30 (10:30),Dortmund,1.3,2–0,0.2,Wolfsburg,81365,Signal Iduna Park,Markus Schmidt
27,Sat,3/30/19,18:30 (13:30),RB Leipzig,3.6,5–0,0.8,Hertha BSC,41939,Red Bull Arena,Sören Storks
27,Sun,3/31/19,15:30 (09:30),Hannover 96,0.9,0–1,0.6,Schalke 04,44500,HDI-Arena,Sven Jablonski
27,Sun,3/31/19,18:00 (12:00),Eint Frankfurt,0.9,3–0,0.5,Stuttgart,51500,Commerzbank-Arena,Felix Brych
,,,,,,,,,,,
28,Fri,4/5/19,20:30 (14:30),Mainz 05,1.6,5–0,1.5,Freiburg,27305,Opel Arena,Sven Jablonski
28,Sat,4/6/19,15:30 (09:30),Wolfsburg,1.5,3–1,0.9,Hannover 96,23512,Volkswagen Arena,Benjamin Cortus
28,Sat,4/6/19,15:30 (09:30),Hertha BSC,1.3,1–2,2.7,Düsseldorf,51604,Olympiastadion Berlin,Christian Dingert
28,Sat,4/6/19,15:30 (09:30),Stuttgart,3,1–1,2.7,Nürnberg,58757,Mercedes-Benz Arena,Frank Willenborg
28,Sat,4/6/19,15:30 (09:30),Schalke 04,0.7,1–2,2.3,Eint Frankfurt,61842,Veltins-Arena,Sascha Stegemann
28,Sat,4/6/19,15:30 (09:30),Bayer,1.8,2–4,1.5,RB Leipzig,28845,BayArena,Tobias Welz
28,Sat,4/6/19,18:30 (12:30),Bayern Munich,3.6,5–0,0.4,Dortmund,75000,Allianz Arena,Manuel Gräfe
28,Sun,4/7/19,15:30 (09:30),Augsburg,0.4,0–4,2.7,Hoffenheim,27552,WWK Arena,Robert Schröder
28,Sun,4/7/19,18:00 (12:00),M'gladbach,1.6,1–1,0.8,Werder Bremen,54022,Stadion im Borussia-Park,Daniel Schlager
,,,,,,,,,,,
29,Fri,4/12/19,20:30 (14:30),Nürnberg,1.9,1–1,1.2,Schalke 04,50000,Max-Morlock-Stadion,Robert Kampka
29,Sat,4/13/19,15:30 (09:30),Werder Bremen,1.5,2–1,0.6,Freiburg,42100,Weserstadion,Bibiana Steinhaus
29,Sat,4/13/19,15:30 (09:30),Hannover 96,0.9,0–1,1.8,M'gladbach,40200,HDI-Arena,Felix Brych
29,Sat,4/13/19,15:30 (09:30),Stuttgart,0.5,0–1,2.7,Bayer,53657,Mercedes-Benz Arena,Tobias Stieler
29,Sat,4/13/19,15:30 (09:30),RB Leipzig,1.8,2–0,0.5,Wolfsburg,41212,Red Bull Arena,Daniel Siebert
29,Sat,4/13/19,18:30 (12:30),Dortmund,1.6,2–1,3.2,Mainz 05,81365,Signal Iduna Park,Deniz Aytekin
29,Sun,4/14/19,13:30 (07:30),Hoffenheim,3,2–0,0.4,Hertha BSC,28010,PreZero Arena,Martin Petersen
29,Sun,4/14/19,15:30 (09:30),Düsseldorf,1,1–4,3.3,Bayern Munich,54600,Merkur Spielarena,Felix Zwayer
29,Sun,4/14/19,18:00 (12:00),Eint Frankfurt,1.7,1–3,2.4,Augsburg,51000,Commerzbank-Arena,Bastian Dankert
,,,,,,,,,,,
30,Sat,4/20/19,15:30 (09:30),Augsburg,2.8,6–0,1.5,Stuttgart,30660,WWK Arena,Manuel Gräfe
30,Sat,4/20/19,15:30 (09:30),Bayern Munich,2.5,1–0,0.2,Werder Bremen,75000,Allianz Arena,Tobias Welz
30,Sat,4/20/19,15:30 (09:30),Bayer,1.4,2–0,0.2,Nürnberg,26405,BayArena,Guido Winkmann
30,Sat,4/20/19,15:30 (09:30),Mainz 05,3.4,3–1,2.4,Düsseldorf,29205,Opel Arena,Markus Schmidt
30,Sat,4/20/19,18:30 (12:30),M'gladbach,1.6,1–2,2.4,RB Leipzig,51757,Stadion im Borussia-Park,Harm Osmers
30,Sat,4/20/19,20:30 (14:30),Schalke 04,1.9,2–5,1.8,Hoffenheim,58958,Veltins-Arena,Christian Dingert
30,Sun,4/21/19,15:30 (09:30),Freiburg,0.6,0–4,2.6,Dortmund,24000,Schwarzwald-Stadion,Robert Hartmann
30,Sun,4/21/19,18:00 (12:00),Hertha BSC,1.5,0–0,0.7,Hannover 96,38916,Olympiastadion Berlin,Sascha Stegemann
30,Mon,4/22/19,20:30 (14:30),Wolfsburg,2.3,1–1,1.1,Eint Frankfurt,26102,Volkswagen Arena,Marco Fritz
,,,,,,,,,,,
31,Fri,4/26/19,20:30 (14:30),Augsburg,0.3,1–4,2.3,Bayer,26404,WWK Arena,Frank Willenborg
31,Sat,4/27/19,15:30 (09:30),Dortmund,0.9,2–4,1.1,Schalke 04,80196,Signal Iduna Park,Felix Zwayer
31,Sat,4/27/19,15:30 (09:30),Hannover 96,1,1–0,2.3,Mainz 05,30400,HDI-Arena,Sören Storks
31,Sat,4/27/19,15:30 (09:30),RB Leipzig,1.8,2–1,1,Freiburg,40826,Red Bull Arena,Robert Schröder
31,Sat,4/27/19,15:30 (09:30),Eint Frankfurt,1.1,0–0,1.5,Hertha BSC,51500,Commerzbank-Arena,Sven Jablonski
31,Sat,4/27/19,15:30 (09:30),Düsseldorf,1.6,4–1,2.7,Werder Bremen,52500,Merkur Spielarena,Benjamin Cortus
31,Sat,4/27/19,18:30 (12:30),Stuttgart,1.6,1–0,1.5,M'gladbach,56730,Mercedes-Benz Arena,Bastian Dankert
31,Sun,4/28/19,15:30 (09:30),Hoffenheim,2.6,1–4,1.5,Wolfsburg,27725,PreZero Arena,Deniz Aytekin
31,Sun,4/28/19,18:00 (12:00),Nürnberg,1.7,1–1,2.2,Bayern Munich,50000,Max-Morlock-Stadion,Tobias Stieler
,,,,,,,,,,,
32,Fri,5/3/19,20:30 (14:30),Mainz 05,1.3,3–3,2.4,RB Leipzig,23805,Opel Arena,Bibiana Steinhaus
32,Sat,5/4/19,15:30 (09:30),Hertha BSC,2.5,3–1,1.6,Stuttgart,48668,Olympiastadion Berlin,Daniel Schlager
32,Sat,5/4/19,15:30 (09:30),Wolfsburg,1.4,2–0,0.7,Nürnberg,22512,Volkswagen Arena,Daniel Siebert
32,Sat,5/4/19,15:30 (09:30),M'gladbach,1.2,2–2,3.1,Hoffenheim,51807,Stadion im Borussia-Park,Sascha Stegemann
32,Sat,5/4/19,15:30 (09:30),Bayern Munich,3.3,3–1,0.8,Hannover 96,75000,Allianz Arena,Christian Dingert
32,Sat,5/4/19,18:30 (12:30),Werder Bremen,0.9,2–2,2.1,Dortmund,42100,Weserstadion,Marco Fritz
32,Sun,5/5/19,13:30 (07:30),Schalke 04,1.4,0–0,0.3,Augsburg,59841,Veltins-Arena,Manuel Gräfe
32,Sun,5/5/19,15:30 (09:30),Freiburg,1.1,1–1,0.8,Düsseldorf,24000,Schwarzwald-Stadion,Tobias Welz
32,Sun,5/5/19,18:00 (12:00),Bayer,2.8,6–1,0.1,Eint Frankfurt,30210,BayArena,Robert Hartmann
,,,,,,,,,,,
33,Sat,5/11/19,15:30 (09:30),Bayer,2,1–1,1.6,Schalke 04,30210,BayArena,Deniz Aytekin
33,Sat,5/11/19,15:30 (09:30),RB Leipzig,0.6,0–0,1.3,Bayern Munich,41939,Red Bull Arena,Manuel Gräfe
33,Sat,5/11/19,15:30 (09:30),Stuttgart,0.7,3–0,0.6,Wolfsburg,54068,Mercedes-Benz Arena,Felix Brych
33,Sat,5/11/19,15:30 (09:30),Hannover 96,1.8,3–0,0.6,Freiburg,38100,HDI-Arena,Robert Hartmann
33,Sat,5/11/19,15:30 (09:30),Dortmund,1.3,3–2,1.5,Düsseldorf,81365,Signal Iduna Park,Tobias Stieler
33,Sat,5/11/19,15:30 (09:30),Hoffenheim,2.7,0–1,1,Werder Bremen,30150,PreZero Arena,Bastian Dankert
33,Sat,5/11/19,15:30 (09:30),Nürnberg,0.8,0–4,2,M'gladbach,50000,Max-Morlock-Stadion,Frank Willenborg
33,Sat,5/11/19,15:30 (09:30),Augsburg,1.3,3–4,2.5,Hertha BSC,29307,WWK Arena,Guido Winkmann
33,Sun,5/12/19,18:00 (12:00),Eint Frankfurt,1.3,0–2,1.1,Mainz 05,51500,Commerzbank-Arena,Harm Osmers
,,,,,,,,,,,
34,Sat,5/18/19,15:30 (09:30),Düsseldorf,1.9,2–1,1,Hannover 96,50000,Merkur Spielarena,Benjamin Cortus
34,Sat,5/18/19,15:30 (09:30),Bayern Munich,4.2,5–1,0.8,Eint Frankfurt,75000,Allianz Arena,Sascha Stegemann
34,Sat,5/18/19,15:30 (09:30),Hertha BSC,1.3,1–5,2.1,Bayer,59287,Olympiastadion Berlin,Marco Fritz
34,Sat,5/18/19,15:30 (09:30),Wolfsburg,2.5,8–1,0.8,Augsburg,24456,Volkswagen Arena,Felix Zwayer
34,Sat,5/18/19,15:30 (09:30),Mainz 05,2.9,4–2,1.7,Hoffenheim,28305,Opel Arena,Deniz Aytekin
34,Sat,5/18/19,15:30 (09:30),M'gladbach,0.5,0–2,1.7,Dortmund,54022,Stadion im Borussia-Park,Manuel Gräfe
34,Sat,5/18/19,15:30 (09:30),Schalke 04,0.8,0–0,0.9,Stuttgart,61676,Veltins-Arena,Robert Schröder
34,Sat,5/18/19,15:30 (09:30),Werder Bremen,1,2–1,1.5,RB Leipzig,42100,Weserstadion,Felix Brych
34,Sat,5/18/19,15:30 (09:30),Freiburg,1.1,5–1,0.8,Nürnberg,24000,Schwarzwald-Stadion,Markus Schmidt